Date,Price,Open,High,Low,Vol.,Change %
10/29/2025,"4,700.00","4,700.00","4,700.00","4,700.00",,0.79%
10/28/2025,"4,663.30","4,663.30","4,663.30","4,663.30",,0.23%
10/27/2025,"4,652.70","4,652.70","4,652.70","4,652.70",,0.54%
10/24/2025,"4,627.50","4,627.50","4,627.50","4,627.50",,0.55%
10/23/2025,"4,602.20","4,602.20","4,602.20","4,602.20",,1.60%
10/22/2025,"4,529.70","4,529.70","4,529.70","4,529.70",,0.64%
10/21/2025,"4,500.90","4,500.90","4,500.90","4,500.90",,-0.32%
10/20/2025,"4,515.40","4,515.40","4,515.40","4,515.40",,0.67%
10/17/2025,"4,485.50","4,485.50","4,485.50","4,485.50",,-0.60%
10/16/2025,"4,512.40","4,512.40","4,512.40","4,512.40",,0.48%
10/15/2025,"4,491.00","4,491.00","4,491.00","4,491.00",,0.47%
10/14/2025,"4,469.90","4,469.90","4,469.90","4,469.90",,-1.86%
10/13/2025,"4,554.80","4,554.80","4,554.80","4,554.80",,1.74%
10/10/2025,"4,477.10","4,477.10","4,477.10","4,477.10",,-2.52%
10/9/2025,"4,592.70","4,592.70","4,592.70","4,592.70",,1.66%
10/8/2025,"4,517.70","4,517.70","4,517.70","4,517.70",,-0.59%
10/7/2025,"4,544.60","4,544.60","4,544.60","4,544.60",,0.83%
10/6/2025,"4,507.40","4,507.40","4,507.40","4,507.40",,-0.49%
10/3/2025,"4,529.50","4,529.50","4,529.50","4,529.50",,1.51%
10/2/2025,"4,462.20","4,462.20","4,462.20","4,462.20",,0.98%
10/1/2025,"4,419.00","4,419.00","4,419.00","4,419.00",,0.91%
9/30/2025,"4,379.20","4,379.20","4,379.20","4,379.20",,-0.84%
9/29/2025,"4,416.10","4,416.10","4,416.10","4,416.10",,1.89%
9/26/2025,"4,334.30","4,334.30","4,334.30","4,334.30",,-0.65%
9/25/2025,"4,362.50","4,362.50","4,362.50","4,362.50",,-0.41%
9/24/2025,"4,380.50","4,380.50","4,380.50","4,380.50",,2.48%
9/23/2025,"4,274.70","4,274.70","4,274.70","4,274.70",,0.04%
9/22/2025,"4,272.90","4,272.90","4,272.90","4,272.90",,-0.37%
9/19/2025,"4,288.80","4,288.80","4,288.80","4,288.80",,0.19%
9/18/2025,"4,280.60","4,280.60","4,280.60","4,280.60",,-0.52%
9/17/2025,"4,302.90","4,302.90","4,302.90","4,302.90",,-1.25%
9/16/2025,"4,357.20","4,357.20","4,357.20","4,357.20",,-0.12%
9/15/2025,"4,362.40","4,362.40","4,362.40","4,362.40",,0.74%
9/12/2025,"4,330.20","4,330.20","4,330.20","4,330.20",,0.51%
9/11/2025,"4,308.40","4,308.40","4,308.40","4,308.40",,0.77%
9/10/2025,"4,275.30","4,275.30","4,275.30","4,275.30",,0.90%
9/9/2025,"4,237.30","4,237.30","4,237.30","4,237.30",,-0.13%
9/8/2025,"4,242.70","4,242.70","4,242.70","4,242.70",,0.22%
9/5/2025,"4,233.30","4,233.30","4,233.30","4,233.30",,0.05%
9/4/2025,"4,231.10","4,231.10","4,231.10","4,231.10",,-0.80%
9/3/2025,"4,265.20","4,265.20","4,265.20","4,265.20",,-0.04%
9/2/2025,"4,266.70","4,266.70","4,266.70","4,266.70",,0.60%
9/1/2025,"4,241.30","4,241.30","4,241.30","4,241.30",,-0.11%
8/29/2025,"4,246.00","4,246.00","4,246.00","4,246.00",,0.81%
8/28/2025,"4,212.00","4,212.00","4,212.00","4,212.00",,0.54%
8/27/2025,"4,189.50","4,189.50","4,189.50","4,189.50",,-0.92%
8/26/2025,"4,228.30","4,228.30","4,228.30","4,228.30",,0.44%
8/22/2025,"4,209.90","4,209.90","4,209.90","4,209.90",,1.08%
8/21/2025,"4,164.90","4,164.90","4,164.90","4,164.90",,-0.05%
8/20/2025,"4,167.00","4,167.00","4,167.00","4,167.00",,0.33%
8/19/2025,"4,153.20","4,153.20","4,153.20","4,153.20",,-0.49%
8/18/2025,"4,173.70","4,173.70","4,173.70","4,173.70",,-0.49%
8/15/2025,"4,194.10","4,194.10","4,194.10","4,194.10",,-0.14%
8/14/2025,"4,199.90","4,199.90","4,199.90","4,199.90",,-0.09%
8/13/2025,"4,203.80","4,203.80","4,203.80","4,203.80",,-0.37%
8/12/2025,"4,219.50","4,219.50","4,219.50","4,219.50",,0.97%
8/11/2025,"4,179.00","4,179.00","4,179.00","4,179.00",,-0.35%
8/8/2025,"4,193.60","4,193.60","4,193.60","4,193.60",,0.46%
8/7/2025,"4,174.50","4,174.50","4,174.50","4,174.50",,0.19%
8/6/2025,"4,166.40","4,166.40","4,166.40","4,166.40",,0.80%
8/5/2025,"4,133.20","4,133.20","4,133.20","4,133.20",,-0.22%
8/4/2025,"4,142.30","4,142.30","4,142.30","4,142.30",,0.24%
8/1/2025,"4,132.30","4,132.30","4,132.30","4,132.30",,0.18%
7/31/2025,"4,124.80","4,124.80","4,124.80","4,124.80",,-1.11%
7/30/2025,"4,171.30","4,171.30","4,171.30","4,171.30",,-0.88%
7/29/2025,"4,208.40","4,208.40","4,208.40","4,208.40",,-0.22%
7/28/2025,"4,217.70","4,217.70","4,217.70","4,217.70",,-0.03%
7/25/2025,"4,218.90","4,218.90","4,218.90","4,218.90",,-0.96%
7/24/2025,"4,259.60","4,259.60","4,259.60","4,259.60",,-0.51%
7/23/2025,"4,281.50","4,281.50","4,281.50","4,281.50",,0.27%
7/22/2025,"4,269.90","4,269.90","4,269.90","4,269.90",,0.51%
7/21/2025,"4,248.30","4,248.30","4,248.30","4,248.30",,0.81%
7/18/2025,"4,214.20","4,214.20","4,214.20","4,214.20",,1.56%
7/17/2025,"4,149.60","4,149.60","4,149.60","4,149.60",,0.37%
7/16/2025,"4,134.40","4,134.40","4,134.40","4,134.40",,-0.22%
7/15/2025,"4,143.70","4,143.70","4,143.70","4,143.70",,-0.01%
7/14/2025,"4,144.00","4,144.00","4,144.00","4,144.00",,-0.55%
7/11/2025,"4,166.90","4,166.90","4,166.90","4,166.90",,-0.47%
7/10/2025,"4,186.60","4,186.60","4,186.60","4,186.60",,0.71%
7/9/2025,"4,157.20","4,157.20","4,157.20","4,157.20",,-0.88%
7/8/2025,"4,193.90","4,193.90","4,193.90","4,193.90",,-0.07%
7/7/2025,"4,196.70","4,196.70","4,196.70","4,196.70",,-0.60%
7/4/2025,"4,222.00","4,222.00","4,222.00","4,222.00",,-0.78%
7/3/2025,"4,255.20","4,255.20","4,255.20","4,255.20",,-0.40%
7/2/2025,"4,272.50","4,272.50","4,272.50","4,272.50",,0.78%
7/1/2025,"4,239.40","4,239.40","4,239.40","4,239.40",,0.18%
6/30/2025,"4,231.80","4,231.80","4,231.80","4,231.80",,-0.16%
6/27/2025,"4,238.50","4,238.50","4,238.50","4,238.50",,-0.02%
6/26/2025,"4,239.20","4,239.20","4,239.20","4,239.20",,1.72%
6/25/2025,"4,167.50","4,167.50","4,167.50","4,167.50",,0.43%
6/24/2025,"4,149.60","4,149.60","4,149.60","4,149.60",,-0.18%
6/23/2025,"4,156.90","4,156.90","4,156.90","4,156.90",,0.65%
6/20/2025,"4,129.90","4,129.90","4,129.90","4,129.90",,0.52%
6/19/2025,"4,108.60","4,108.60","4,108.60","4,108.60",,-0.44%
6/18/2025,"4,126.70","4,126.70","4,126.70","4,126.70",,-0.02%
6/17/2025,"4,127.60","4,127.60","4,127.60","4,127.60",,-0.10%
6/16/2025,"4,131.90","4,131.90","4,131.90","4,131.90",,0.51%
6/13/2025,"4,110.90","4,110.90","4,110.90","4,110.90",,-0.50%
6/12/2025,"4,131.60","4,131.60","4,131.60","4,131.60",,0.27%
6/11/2025,"4,120.40","4,120.40","4,120.40","4,120.40",,-0.61%
6/10/2025,"4,145.50","4,145.50","4,145.50","4,145.50",,-0.12%
6/9/2025,"4,150.40","4,150.40","4,150.40","4,150.40",,0.90%
6/6/2025,"4,113.40","4,113.40","4,113.40","4,113.40",,-0.67%
6/5/2025,"4,141.20","4,141.20","4,141.20","4,141.20",,0.82%
6/4/2025,"4,107.50","4,107.50","4,107.50","4,107.50",,0.15%
6/3/2025,"4,101.20","4,101.20","4,101.20","4,101.20",,0.22%
6/2/2025,"4,092.40","4,092.40","4,092.40","4,092.40",,1.33%
5/30/2025,"4,038.50","4,038.50","4,038.50","4,038.50",,-0.85%
5/29/2025,"4,073.10","4,073.10","4,073.10","4,073.10",,-0.17%
5/28/2025,"4,080.10","4,080.10","4,080.10","4,080.10",,-0.72%
5/27/2025,"4,109.70","4,109.70","4,109.70","4,109.70",,0.01%
5/23/2025,"4,109.40","4,109.40","4,109.40","4,109.40",,0.94%
5/22/2025,"4,071.10","4,071.10","4,071.10","4,071.10",,-0.45%
5/21/2025,"4,089.50","4,089.50","4,089.50","4,089.50",,0.07%
5/20/2025,"4,086.50","4,086.50","4,086.50","4,086.50",,0.28%
5/19/2025,"4,075.00","4,075.00","4,075.00","4,075.00",,0.04%
5/16/2025,"4,073.50","4,073.50","4,073.50","4,073.50",,-1.00%
5/15/2025,"4,114.50","4,114.50","4,114.50","4,114.50",,-0.58%
5/14/2025,"4,138.30","4,138.30","4,138.30","4,138.30",,0.58%
5/13/2025,"4,114.30","4,114.30","4,114.30","4,114.30",,0.73%
5/12/2025,"4,084.50","4,084.50","4,084.50","4,084.50",,1.04%
5/9/2025,"4,042.60","4,042.60","4,042.60","4,042.60",,0.42%
5/8/2025,"4,025.60","4,025.60","4,025.60","4,025.60",,0.48%
5/7/2025,"4,006.50","4,006.50","4,006.50","4,006.50",,-1.23%
5/6/2025,"4,056.30","4,056.30","4,056.30","4,056.30",,1.38%
5/2/2025,"4,001.00","4,001.00","4,001.00","4,001.00",,1.39%
5/1/2025,"3,946.20","3,946.20","3,946.20","3,946.20",,0.31%
4/30/2025,"3,933.90","3,933.90","3,933.90","3,933.90",,-2.79%
4/29/2025,"4,046.70","4,046.70","4,046.70","4,046.70",,0.51%
4/28/2025,"4,026.30","4,026.30","4,026.30","4,026.30",,0.20%
4/25/2025,"4,018.20","4,018.20","4,018.20","4,018.20",,-0.51%
4/24/2025,"4,038.80","4,038.80","4,038.80","4,038.80",,0.57%
4/23/2025,"4,015.90","4,015.90","4,015.90","4,015.90",,0.71%
4/22/2025,"3,987.40","3,987.40","3,987.40","3,987.40",,1.48%
4/17/2025,"3,929.40","3,929.40","3,929.40","3,929.40",,-0.23%
4/16/2025,"3,938.50","3,938.50","3,938.50","3,938.50",,0.21%
4/15/2025,"3,930.40","3,930.40","3,930.40","3,930.40",,-0.15%
4/14/2025,"3,936.50","3,936.50","3,936.50","3,936.50",,-6.22%
3/31/2025,"4,197.70","4,197.70","4,197.70","4,197.70",,-0.79%
3/28/2025,"4,231.00","4,231.00","4,231.00","4,231.00",,-0.31%
3/27/2025,"4,244.20","4,244.20","4,244.20","4,244.20",,-0.99%
3/24/2025,"4,286.60","4,286.60","4,286.60","4,286.60",,0.57%
3/21/2025,"4,262.30","4,262.30","4,262.30","4,262.30",,-1.00%
3/20/2025,"4,305.50","4,305.50","4,305.50","4,305.50",,1.21%
3/6/2025,"4,254.20","4,254.20","4,254.20","4,254.20",,1.70%
3/5/2025,"4,183.20","4,183.20","4,183.20","4,183.20",,2.05%
3/4/2025,"4,099.00","4,099.00","4,099.00","4,099.00",,-0.40%
3/3/2025,"4,115.60","4,115.60","4,115.60","4,115.60",,0.74%
2/28/2025,"4,085.30","4,085.30","4,085.30","4,085.30",,-0.77%
2/27/2025,"4,116.80","4,116.80","4,116.80","4,116.80",,-0.45%
2/26/2025,"4,135.30","4,135.30","4,135.30","4,135.30",,0.43%
2/25/2025,"4,117.50","4,117.50","4,117.50","4,117.50",,-1.00%
2/24/2025,"4,159.10","4,159.10","4,159.10","4,159.10",,-0.87%
2/21/2025,"4,195.40","4,195.40","4,195.40","4,195.40",,-0.32%
2/20/2025,"4,208.80","4,208.80","4,208.80","4,208.80",,1.24%
2/19/2025,"4,157.20","4,157.20","4,157.20","4,157.20",,0.21%
2/18/2025,"4,148.50","4,148.50","4,148.50","4,148.50",,0.62%
2/17/2025,"4,122.90","4,122.90","4,122.90","4,122.90",,-0.33%
2/14/2025,"4,136.70","4,136.70","4,136.70","4,136.70",,0.44%
2/13/2025,"4,118.70","4,118.70","4,118.70","4,118.70",,0.40%
2/12/2025,"4,102.20","4,102.20","4,102.20","4,102.20",,0.58%
2/11/2025,"4,078.70","4,078.70","4,078.70","4,078.70",,-0.80%
2/10/2025,"4,111.40","4,111.40","4,111.40","4,111.40",,0.43%
2/7/2025,"4,093.90","4,093.90","4,093.90","4,093.90",,0.89%
2/6/2025,"4,057.60","4,057.60","4,057.60","4,057.60",,0.46%
2/5/2025,"4,039.00","4,039.00","4,039.00","4,039.00",,0.50%
2/4/2025,"4,019.00","4,019.00","4,019.00","4,019.00",,0.55%
2/3/2025,"3,997.00","3,997.00","3,997.00","3,997.00",,0.70%
1/31/2025,"3,969.20","3,969.20","3,969.20","3,969.20",,-1.05%
1/30/2025,"4,011.20","4,011.20","4,011.20","4,011.20",,0.45%
1/29/2025,"3,993.10","3,993.10","3,993.10","3,993.10",,1.07%
1/28/2025,"3,950.70","3,950.70","3,950.70","3,950.70",,-1.17%
1/27/2025,"3,997.50","3,997.50","3,997.50","3,997.50",,-1.55%
1/24/2025,"4,060.50","4,060.50","4,060.50","4,060.50",,0.37%
1/23/2025,"4,045.60","4,045.60","4,045.60","4,045.60",,-0.29%
1/22/2025,"4,057.20","4,057.20","4,057.20","4,057.20",,-0.66%
1/21/2025,"4,084.00","4,084.00","4,084.00","4,084.00",,-0.58%
1/20/2025,"4,107.80","4,107.80","4,107.80","4,107.80",,0.73%
1/17/2025,"4,078.20","4,078.20","4,078.20","4,078.20",,0.47%
1/16/2025,"4,059.30","4,059.30","4,059.30","4,059.30",,0.80%
1/15/2025,"4,027.00","4,027.00","4,027.00","4,027.00",,0.33%
1/14/2025,"4,013.70","4,013.70","4,013.70","4,013.70",,0.18%
1/13/2025,"4,006.30","4,006.30","4,006.30","4,006.30",,0.06%
1/10/2025,"4,003.80","4,003.80","4,003.80","4,003.80",,0.60%
1/9/2025,"3,980.00","3,980.00","3,980.00","3,980.00",,1.09%
1/8/2025,"3,937.10","3,937.10","3,937.10","3,937.10",,-0.12%
1/7/2025,"3,941.80","3,941.80","3,941.80","3,941.80",,0.39%
1/6/2025,"3,926.40","3,926.40","3,926.40","3,926.40",,0.81%
1/3/2025,"3,894.70","3,894.70","3,894.70","3,894.70",,0.12%
1/2/2025,"3,890.20","3,890.20","3,890.20","3,890.20",,-0.39%
12/31/2024,"3,905.60","3,905.60","3,905.60","3,905.60",,-1.08%
12/30/2024,"3,948.30","3,948.30","3,948.30","3,948.30",,-0.50%
12/27/2024,"3,968.30","3,968.30","3,968.30","3,968.30",,-0.07%
12/24/2024,"3,971.10","3,971.10","3,971.10","3,971.10",,0.93%
12/23/2024,"3,934.60","3,934.60","3,934.60","3,934.60",,-0.29%
12/20/2024,"3,946.00","3,946.00","3,946.00","3,946.00",,0.83%
12/19/2024,"3,913.40","3,913.40","3,913.40","3,913.40",,-1.46%
12/18/2024,"3,971.20","3,971.20","3,971.20","3,971.20",,0.03%
12/17/2024,"3,970.20","3,970.20","3,970.20","3,970.20",,-0.86%
12/16/2024,"4,004.60","4,004.60","4,004.60","4,004.60",,-0.48%
12/13/2024,"4,024.10","4,024.10","4,024.10","4,024.10",,-0.31%
12/12/2024,"4,036.70","4,036.70","4,036.70","4,036.70",,-0.35%
12/11/2024,"4,050.90","4,050.90","4,050.90","4,050.90",,-0.22%
12/10/2024,"4,059.80","4,059.80","4,059.80","4,059.80",,-0.07%
12/9/2024,"4,062.70","4,062.70","4,062.70","4,062.70",,0.70%
12/6/2024,"4,034.40","4,034.40","4,034.40","4,034.40",,-0.21%
12/5/2024,"4,042.80","4,042.80","4,042.80","4,042.80",,-0.12%
12/4/2024,"4,047.50","4,047.50","4,047.50","4,047.50",,0.17%
12/3/2024,"4,040.50","4,040.50","4,040.50","4,040.50",,1.16%
12/2/2024,"3,994.30","3,994.30","3,994.30","3,994.30",,-0.45%
11/29/2024,"4,012.50","4,012.50","4,012.50","4,012.50",,0.29%
11/28/2024,"4,001.00","4,001.00","4,001.00","4,001.00",,-0.19%
11/27/2024,"4,008.70","4,008.70","4,008.70","4,008.70",,-0.04%
11/26/2024,"4,010.50","4,010.50","4,010.50","4,010.50",,-0.54%
11/25/2024,"4,032.10","4,032.10","4,032.10","4,032.10",,0.94%
11/22/2024,"3,994.60","3,994.60","3,994.60","3,994.60",,-0.19%
11/21/2024,"4,002.10","4,002.10","4,002.10","4,002.10",,-0.77%
11/20/2024,"4,033.10","4,033.10","4,033.10","4,033.10",,0.21%
11/19/2024,"4,024.80","4,024.80","4,024.80","4,024.80",,0.42%
11/18/2024,"4,007.80","4,007.80","4,007.80","4,007.80",,0.23%
11/15/2024,"3,998.50","3,998.50","3,998.50","3,998.50",,1.16%
11/14/2024,"3,952.50","3,952.50","3,952.50","3,952.50",,-0.39%
11/13/2024,"3,967.80","3,967.80","3,967.80","3,967.80",,-0.91%
11/12/2024,"4,004.10","4,004.10","4,004.10","4,004.10",,-1.71%
11/11/2024,"4,073.60","4,073.60","4,073.60","4,073.60",,-1.17%
11/8/2024,"4,121.80","4,121.80","4,121.80","4,121.80",,-2.22%
11/7/2024,"4,215.30","4,215.30","4,215.30","4,215.30",,3.02%
11/6/2024,"4,091.70","4,091.70","4,091.70","4,091.70",,-3.20%
11/5/2024,"4,227.10","4,227.10","4,227.10","4,227.10",,0.76%
11/4/2024,"4,195.40","4,195.40","4,195.40","4,195.40",,0.80%
11/1/2024,"4,162.30","4,162.30","4,162.30","4,162.30",,0.58%
10/31/2024,"4,138.30","4,138.30","4,138.30","4,138.30",,-0.31%
10/30/2024,"4,151.20","4,151.20","4,151.20","4,151.20",,-0.45%
10/29/2024,"4,170.00","4,170.00","4,170.00","4,170.00",,-0.18%
10/28/2024,"4,177.60","4,177.60","4,177.60","4,177.60",,-0.62%
10/25/2024,"4,203.70","4,203.70","4,203.70","4,203.70",,0.52%
10/24/2024,"4,182.10","4,182.10","4,182.10","4,182.10",,-0.19%
10/23/2024,"4,190.20","4,190.20","4,190.20","4,190.20",,0.02%
10/22/2024,"4,189.40","4,189.40","4,189.40","4,189.40",,0.47%
10/21/2024,"4,169.80","4,169.80","4,169.80","4,169.80",,-0.79%
10/18/2024,"4,203.00","4,203.00","4,203.00","4,203.00",,1.25%
10/17/2024,"4,151.00","4,151.00","4,151.00","4,151.00",,-0.80%
10/16/2024,"4,184.30","4,184.30","4,184.30","4,184.30",,0.21%
10/15/2024,"4,175.70","4,175.70","4,175.70","4,175.70",,-1.10%
10/14/2024,"4,222.20","4,222.20","4,222.20","4,222.20",,-1.54%
10/11/2024,"4,288.40","4,288.40","4,288.40","4,288.40",,1.18%
10/10/2024,"4,238.20","4,238.20","4,238.20","4,238.20",,1.38%
10/9/2024,"4,180.60","4,180.60","4,180.60","4,180.60",,-1.11%
10/8/2024,"4,227.70","4,227.70","4,227.70","4,227.70",,-2.33%
10/7/2024,"4,328.40","4,328.40","4,328.40","4,328.40",,-0.07%
10/4/2024,"4,331.50","4,331.50","4,331.50","4,331.50",,0.91%
10/3/2024,"4,292.40","4,292.40","4,292.40","4,292.40",,-2.06%
10/2/2024,"4,382.50","4,382.50","4,382.50","4,382.50",,1.08%
10/1/2024,"4,335.60","4,335.60","4,335.60","4,335.60",,1.40%
9/30/2024,"4,275.60","4,275.60","4,275.60","4,275.60",,-0.86%
9/27/2024,"4,312.70","4,312.70","4,312.70","4,312.70",,-0.16%
9/26/2024,"4,319.60","4,319.60","4,319.60","4,319.60",,2.47%
9/25/2024,"4,215.30","4,215.30","4,215.30","4,215.30",,-0.16%
9/24/2024,"4,221.90","4,221.90","4,221.90","4,221.90",,2.50%
9/23/2024,"4,118.90","4,118.90","4,118.90","4,118.90",,0.53%
9/20/2024,"4,097.10","4,097.10","4,097.10","4,097.10",,-0.77%
9/19/2024,"4,128.80","4,128.80","4,128.80","4,128.80",,0.98%
9/18/2024,"4,088.90","4,088.90","4,088.90","4,088.90",,0.15%
9/17/2024,"4,082.70","4,082.70","4,082.70","4,082.70",,-0.31%
9/16/2024,"4,095.60","4,095.60","4,095.60","4,095.60",,1.21%
9/13/2024,"4,046.60","4,046.60","4,046.60","4,046.60",,1.19%
9/12/2024,"3,998.90","3,998.90","3,998.90","3,998.90",,1.98%
9/11/2024,"3,921.30","3,921.30","3,921.30","3,921.30",,1.18%
9/10/2024,"3,875.60","3,875.60","3,875.60","3,875.60",,-0.73%
9/9/2024,"3,904.20","3,904.20","3,904.20","3,904.20",,0.62%
9/6/2024,"3,880.00","3,880.00","3,880.00","3,880.00",,-1.10%
9/5/2024,"3,923.10","3,923.10","3,923.10","3,923.10",,0.45%
9/4/2024,"3,905.60","3,905.60","3,905.60","3,905.60",,-0.43%
9/3/2024,"3,922.30","3,922.30","3,922.30","3,922.30",,-1.75%
9/2/2024,"3,992.10","3,992.10","3,992.10","3,992.10",,-0.98%
8/30/2024,"4,031.60","4,031.60","4,031.60","4,031.60",,-0.13%
8/29/2024,"4,036.70","4,036.70","4,036.70","4,036.70",,-0.55%
8/28/2024,"4,059.10","4,059.10","4,059.10","4,059.10",,-2.04%
8/27/2024,"4,143.70","4,143.70","4,143.70","4,143.70",,1.23%
8/23/2024,"4,093.40","4,093.40","4,093.40","4,093.40",,1.96%
8/22/2024,"4,014.80","4,014.80","4,014.80","4,014.80",,-1.02%
8/21/2024,"4,056.20","4,056.20","4,056.20","4,056.20",,0.47%
8/20/2024,"4,037.40","4,037.40","4,037.40","4,037.40",,0.31%
8/19/2024,"4,025.00","4,025.00","4,025.00","4,025.00",,1.84%
8/16/2024,"3,952.30","3,952.30","3,952.30","3,952.30",,-0.25%
8/15/2024,"3,962.20","3,962.20","3,962.20","3,962.20",,2.18%
8/14/2024,"3,877.80","3,877.80","3,877.80","3,877.80",,0.27%
8/13/2024,"3,867.50","3,867.50","3,867.50","3,867.50",,-0.55%
8/12/2024,"3,888.80","3,888.80","3,888.80","3,888.80",,1.18%
8/9/2024,"3,843.50","3,843.50","3,843.50","3,843.50",,1.33%
8/8/2024,"3,793.20","3,793.20","3,793.20","3,793.20",,0.30%
8/7/2024,"3,781.70","3,781.70","3,781.70","3,781.70",,-1.08%
8/6/2024,"3,823.00","3,823.00","3,823.00","3,823.00",,0.66%
8/5/2024,"3,798.00","3,798.00","3,798.00","3,798.00",,-1.62%
8/2/2024,"3,860.50","3,860.50","3,860.50","3,860.50",,-0.38%
8/1/2024,"3,875.20","3,875.20","3,875.20","3,875.20",,-1.18%
7/31/2024,"3,921.30","3,921.30","3,921.30","3,921.30",,2.93%
7/30/2024,"3,809.70","3,809.70","3,809.70","3,809.70",,-0.70%
7/29/2024,"3,836.60","3,836.60","3,836.60","3,836.60",,-1.12%
7/26/2024,"3,880.20","3,880.20","3,880.20","3,880.20",,0.18%
7/25/2024,"3,873.40","3,873.40","3,873.40","3,873.40",,-0.29%
7/24/2024,"3,884.70","3,884.70","3,884.70","3,884.70",,-0.40%
7/23/2024,"3,900.30","3,900.30","3,900.30","3,900.30",,-0.67%
7/22/2024,"3,926.70","3,926.70","3,926.70","3,926.70",,-1.53%
7/19/2024,"3,987.80","3,987.80","3,987.80","3,987.80",,-1.04%
7/18/2024,"4,029.80","4,029.80","4,029.80","4,029.80",,-2.05%
7/17/2024,"4,114.00","4,114.00","4,114.00","4,114.00",,-0.35%
7/16/2024,"4,128.40","4,128.40","4,128.40","4,128.40",,-1.54%
7/15/2024,"4,193.00","4,193.00","4,193.00","4,193.00",,-0.77%
7/12/2024,"4,225.50","4,225.50","4,225.50","4,225.50",,0.37%
7/11/2024,"4,210.10","4,210.10","4,210.10","4,210.10",,-0.29%
7/10/2024,"4,222.50","4,222.50","4,222.50","4,222.50",,0.18%
7/9/2024,"4,215.00","4,215.00","4,215.00","4,215.00",,-0.77%
7/8/2024,"4,247.60","4,247.60","4,247.60","4,247.60",,-0.32%
7/5/2024,"4,261.10","4,261.10","4,261.10","4,261.10",,0.67%
7/4/2024,"4,232.70","4,232.70","4,232.70","4,232.70",,-0.24%
7/3/2024,"4,242.80","4,242.80","4,242.80","4,242.80",,1.76%
7/2/2024,"4,169.60","4,169.60","4,169.60","4,169.60",,0.10%
7/1/2024,"4,165.50","4,165.50","4,165.50","4,165.50",,0.03%
6/28/2024,"4,164.30","4,164.30","4,164.30","4,164.30",,1.03%
6/27/2024,"4,122.00","4,122.00","4,122.00","4,122.00",,-0.36%
6/26/2024,"4,137.00","4,137.00","4,137.00","4,137.00",,0.06%
6/25/2024,"4,134.50","4,134.50","4,134.50","4,134.50",,-0.63%
6/24/2024,"4,160.90","4,160.90","4,160.90","4,160.90",,-0.26%
6/21/2024,"4,171.90","4,171.90","4,171.90","4,171.90",,-1.35%
6/20/2024,"4,229.00","4,229.00","4,229.00","4,229.00",,0.79%
6/19/2024,"4,195.90","4,195.90","4,195.90","4,195.90",,0.98%
6/18/2024,"4,155.30","4,155.30","4,155.30","4,155.30",,-0.06%
6/17/2024,"4,157.70","4,157.70","4,157.70","4,157.70",,-0.54%
6/14/2024,"4,180.40","4,180.40","4,180.40","4,180.40",,-1.02%
6/13/2024,"4,223.50","4,223.50","4,223.50","4,223.50",,-0.89%
6/12/2024,"4,261.50","4,261.50","4,261.50","4,261.50",,2.18%
6/11/2024,"4,170.60","4,170.60","4,170.60","4,170.60",,-1.45%
6/10/2024,"4,231.80","4,231.80","4,231.80","4,231.80",,0.94%
6/7/2024,"4,192.50","4,192.50","4,192.50","4,192.50",,-3.55%
6/6/2024,"4,346.60","4,346.60","4,346.60","4,346.60",,1.85%
6/5/2024,"4,267.50","4,267.50","4,267.50","4,267.50",,-1.10%
6/4/2024,"4,314.80","4,314.80","4,314.80","4,314.80",,-1.42%
6/3/2024,"4,377.00","4,377.00","4,377.00","4,377.00",,0.32%
5/31/2024,"4,362.90","4,362.90","4,362.90","4,362.90",,-1.31%
5/30/2024,"4,420.70","4,420.70","4,420.70","4,420.70",,-2.67%
5/29/2024,"4,542.00","4,542.00","4,542.00","4,542.00",,0.01%
5/28/2024,"4,541.60","4,541.60","4,541.60","4,541.60",,1.77%
5/24/2024,"4,462.60","4,462.60","4,462.60","4,462.60",,-0.23%
5/23/2024,"4,473.10","4,473.10","4,473.10","4,473.10",,-0.19%
5/22/2024,"4,481.50","4,481.50","4,481.50","4,481.50",,-3.67%
5/21/2024,"4,652.00","4,652.00","4,652.00","4,652.00",,0.41%
5/20/2024,"4,632.80","4,632.80","4,632.80","4,632.80",,1.77%
5/17/2024,"4,552.10","4,552.10","4,552.10","4,552.10",,2.27%
5/16/2024,"4,451.20","4,451.20","4,451.20","4,451.20",,1.22%
5/15/2024,"4,397.70","4,397.70","4,397.70","4,397.70",,1.05%
5/14/2024,"4,352.20","4,352.20","4,352.20","4,352.20",,-0.30%
5/13/2024,"4,365.30","4,365.30","4,365.30","4,365.30",,1.58%
5/10/2024,"4,297.40","4,297.40","4,297.40","4,297.40",,0.25%
5/9/2024,"4,286.80","4,286.80","4,286.80","4,286.80",,0.77%
5/8/2024,"4,254.10","4,254.10","4,254.10","4,254.10",,-1.31%
5/7/2024,"4,310.40","4,310.40","4,310.40","4,310.40",,1.02%
5/3/2024,"4,266.80","4,266.80","4,266.80","4,266.80",,1.51%
5/2/2024,"4,203.40","4,203.40","4,203.40","4,203.40",,-1.25%
5/1/2024,"4,256.80","4,256.80","4,256.80","4,256.80",,-1.14%
4/30/2024,"4,306.10","4,306.10","4,306.10","4,306.10",,-1.10%
4/29/2024,"4,354.00","4,354.00","4,354.00","4,354.00",,1.46%
4/26/2024,"4,291.30","4,291.30","4,291.30","4,291.30",,0.51%
4/25/2024,"4,269.70","4,269.70","4,269.70","4,269.70",,0.58%
4/24/2024,"4,245.20","4,245.20","4,245.20","4,245.20",,0.55%
4/23/2024,"4,222.10","4,222.10","4,222.10","4,222.10",,-2.27%
4/22/2024,"4,320.00","4,320.00","4,320.00","4,320.00",,-0.49%
4/19/2024,"4,341.20","4,341.20","4,341.20","4,341.20",,1.99%
4/18/2024,"4,256.40","4,256.40","4,256.40","4,256.40",,1.47%
4/17/2024,"4,194.60","4,194.60","4,194.60","4,194.60",,1.53%
4/16/2024,"4,131.20","4,131.20","4,131.20","4,131.20",,-0.82%
4/15/2024,"4,165.20","4,165.20","4,165.20","4,165.20",,1.04%
4/12/2024,"4,122.20","4,122.20","4,122.20","4,122.20",,1.45%
4/11/2024,"4,063.40","4,063.40","4,063.40","4,063.40",,-0.01%
4/10/2024,"4,064.00","4,064.00","4,064.00","4,064.00",,0.01%
4/9/2024,"4,063.70","4,063.70","4,063.70","4,063.70",,0.51%
4/8/2024,"4,043.10","4,043.10","4,043.10","4,043.10",,0.81%
4/5/2024,"4,010.80","4,010.80","4,010.80","4,010.80",,-0.10%
4/4/2024,"4,014.70","4,014.70","4,014.70","4,014.70",,1.26%
4/3/2024,"3,964.90","3,964.90","3,964.90","3,964.90",,2.63%
4/2/2024,"3,863.30","3,863.30","3,863.30","3,863.30",,1.36%
3/28/2024,"3,811.40","3,811.40","3,811.40","3,811.40",,0.64%
3/27/2024,"3,787.10","3,787.10","3,787.10","3,787.10",,-0.17%
3/26/2024,"3,793.70","3,793.70","3,793.70","3,793.70",,-0.63%
3/25/2024,"3,817.80","3,817.80","3,817.80","3,817.80",,0.00%
3/22/2024,"3,817.70","3,817.70","3,817.70","3,817.70",,-0.75%
3/21/2024,"3,846.40","3,846.40","3,846.40","3,846.40",,0.55%
3/20/2024,"3,825.30","3,825.30","3,825.30","3,825.30",,-0.32%
3/19/2024,"3,837.60","3,837.60","3,837.60","3,837.60",,-1.32%
3/18/2024,"3,888.80","3,888.80","3,888.80","3,888.80",,-0.14%
3/15/2024,"3,894.40","3,894.40","3,894.40","3,894.40",,1.43%
3/14/2024,"3,839.40","3,839.40","3,839.40","3,839.40",,-0.19%
3/13/2024,"3,846.80","3,846.80","3,846.80","3,846.80",,1.84%
3/12/2024,"3,777.30","3,777.30","3,777.30","3,777.30",,0.10%
3/11/2024,"3,773.70","3,773.70","3,773.70","3,773.70",,0.92%
3/8/2024,"3,739.30","3,739.30","3,739.30","3,739.30",,-0.53%
3/7/2024,"3,759.40","3,759.40","3,759.40","3,759.40",,0.94%
3/6/2024,"3,724.30","3,724.30","3,724.30","3,724.30",,0.83%
3/5/2024,"3,693.80","3,693.80","3,693.80","3,693.80",,-0.49%
3/4/2024,"3,711.90","3,711.90","3,711.90","3,711.90",,0.44%
3/1/2024,"3,695.60","3,695.60","3,695.60","3,695.60",,0.04%
2/29/2024,"3,694.20","3,694.20","3,694.20","3,694.20",,0.74%
2/28/2024,"3,667.20","3,667.20","3,667.20","3,667.20",,-0.10%
2/27/2024,"3,670.70","3,670.70","3,670.70","3,670.70",,0.32%
2/26/2024,"3,658.90","3,658.90","3,658.90","3,658.90",,-0.92%
2/23/2024,"3,692.70","3,692.70","3,692.70","3,692.70",,-0.15%
2/22/2024,"3,698.20","3,698.20","3,698.20","3,698.20",,0.21%
2/21/2024,"3,690.30","3,690.30","3,690.30","3,690.30",,0.83%
2/20/2024,"3,660.10","3,660.10","3,660.10","3,660.10",,0.37%
2/19/2024,"3,646.60","3,646.60","3,646.60","3,646.60",,-0.72%
2/16/2024,"3,673.10","3,673.10","3,673.10","3,673.10",,1.28%
2/15/2024,"3,626.80","3,626.80","3,626.80","3,626.80",,1.13%
2/14/2024,"3,586.30","3,586.30","3,586.30","3,586.30",,-0.26%
2/13/2024,"3,595.70","3,595.70","3,595.70","3,595.70",,0.25%
2/12/2024,"3,586.90","3,586.90","3,586.90","3,586.90",,0.82%
2/9/2024,"3,557.90","3,557.90","3,557.90","3,557.90",,-0.25%
2/8/2024,"3,566.90","3,566.90","3,566.90","3,566.90",,-1.08%
2/7/2024,"3,605.80","3,605.80","3,605.80","3,605.80",,-0.70%
2/6/2024,"3,631.30","3,631.30","3,631.30","3,631.30",,0.54%
2/5/2024,"3,611.70","3,611.70","3,611.70","3,611.70",,-1.51%
2/2/2024,"3,667.10","3,667.10","3,667.10","3,667.10",,-0.63%
2/1/2024,"3,690.30","3,690.30","3,690.30","3,690.30",,-1.10%
1/31/2024,"3,731.50","3,731.50","3,731.50","3,731.50",,-0.24%
1/30/2024,"3,740.40","3,740.40","3,740.40","3,740.40",,0.45%
1/29/2024,"3,723.50","3,723.50","3,723.50","3,723.50",,-0.35%
1/26/2024,"3,736.40","3,736.40","3,736.40","3,736.40",,0.19%
1/25/2024,"3,729.20","3,729.20","3,729.20","3,729.20",,0.10%
1/24/2024,"3,725.30","3,725.30","3,725.30","3,725.30",,1.48%
1/23/2024,"3,671.00","3,671.00","3,671.00","3,671.00",,1.62%
1/22/2024,"3,612.40","3,612.40","3,612.40","3,612.40",,-0.10%
1/19/2024,"3,616.10","3,616.10","3,616.10","3,616.10",,0.31%
1/18/2024,"3,604.80","3,604.80","3,604.80","3,604.80",,0.25%
1/17/2024,"3,595.80","3,595.80","3,595.80","3,595.80",,-1.24%
1/16/2024,"3,640.90","3,640.90","3,640.90","3,640.90",,-0.08%
1/15/2024,"3,643.70","3,643.70","3,643.70","3,643.70",,0.25%
1/12/2024,"3,634.60","3,634.60","3,634.60","3,634.60",,-0.26%
1/11/2024,"3,643.90","3,643.90","3,643.90","3,643.90",,0.43%
1/10/2024,"3,628.20","3,628.20","3,628.20","3,628.20",,0.01%
1/9/2024,"3,627.90","3,627.90","3,627.90","3,627.90",,-0.50%
1/8/2024,"3,646.10","3,646.10","3,646.10","3,646.10",,-0.77%
1/5/2024,"3,674.30","3,674.30","3,674.30","3,674.30",,0.11%
1/4/2024,"3,670.30","3,670.30","3,670.30","3,670.30",,-1.05%
1/3/2024,"3,709.10","3,709.10","3,709.10","3,709.10",,-0.59%
1/2/2024,"3,731.20","3,731.20","3,731.20","3,731.20",,-0.82%
12/29/2023,"3,762.10","3,762.10","3,762.10","3,762.10",,-0.46%
12/28/2023,"3,779.40","3,779.40","3,779.40","3,779.40",,-0.58%
12/27/2023,"3,801.40","3,801.40","3,801.40","3,801.40",,1.73%
12/22/2023,"3,736.90","3,736.90","3,736.90","3,736.90",,0.55%
12/21/2023,"3,716.60","3,716.60","3,716.60","3,716.60",,0.04%
12/20/2023,"3,715.20","3,715.20","3,715.20","3,715.20",,-0.23%
12/19/2023,"3,723.60","3,723.60","3,723.60","3,723.60",,0.86%
12/18/2023,"3,691.90","3,691.90","3,691.90","3,691.90",,-0.53%
12/15/2023,"3,711.50","3,711.50","3,711.50","3,711.50",,0.44%
12/14/2023,"3,695.10","3,695.10","3,695.10","3,695.10",,3.20%
12/13/2023,"3,580.50","3,580.50","3,580.50","3,580.50",,0.00%
12/12/2023,"3,580.40","3,580.40","3,580.40","3,580.40",,0.17%
12/11/2023,"3,574.30","3,574.30","3,574.30","3,574.30",,-1.03%
12/8/2023,"3,611.40","3,611.40","3,611.40","3,611.40",,0.79%
12/7/2023,"3,583.10","3,583.10","3,583.10","3,583.10",,0.26%
12/6/2023,"3,573.90","3,573.90","3,573.90","3,573.90",,-0.33%
12/5/2023,"3,585.90","3,585.90","3,585.90","3,585.90",,-1.36%
12/4/2023,"3,635.50","3,635.50","3,635.50","3,635.50",,-1.72%
12/1/2023,"3,699.30","3,699.30","3,699.30","3,699.30",,1.54%
11/30/2023,"3,643.20","3,643.20","3,643.20","3,643.20",,-0.24%
11/29/2023,"3,652.10","3,652.10","3,652.10","3,652.10",,-0.34%
11/28/2023,"3,664.50","3,664.50","3,664.50","3,664.50",,1.19%
11/27/2023,"3,621.30","3,621.30","3,621.30","3,621.30",,-0.91%
11/24/2023,"3,654.40","3,654.40","3,654.40","3,654.40",,-0.28%
11/23/2023,"3,664.60","3,664.60","3,664.60","3,664.60",,0.57%
11/22/2023,"3,643.80","3,643.80","3,643.80","3,643.80",,-1.56%
11/21/2023,"3,701.50","3,701.50","3,701.50","3,701.50",,0.21%
11/20/2023,"3,693.60","3,693.60","3,693.60","3,693.60",,1.45%
11/17/2023,"3,640.80","3,640.80","3,640.80","3,640.80",,0.06%
11/16/2023,"3,638.60","3,638.60","3,638.60","3,638.60",,-0.88%
11/15/2023,"3,670.90","3,670.90","3,670.90","3,670.90",,0.45%
11/14/2023,"3,654.40","3,654.40","3,654.40","3,654.40",,0.82%
11/13/2023,"3,624.50","3,624.50","3,624.50","3,624.50",,1.03%
11/10/2023,"3,587.60","3,587.60","3,587.60","3,587.60",,-1.46%
11/9/2023,"3,640.60","3,640.60","3,640.60","3,640.60",,-0.04%
11/8/2023,"3,642.20","3,642.20","3,642.20","3,642.20",,-0.02%
11/7/2023,"3,642.90","3,642.90","3,642.90","3,642.90",,-0.81%
11/6/2023,"3,672.80","3,672.80","3,672.80","3,672.80",,1.02%
11/3/2023,"3,635.70","3,635.70","3,635.70","3,635.70",,0.90%
11/2/2023,"3,603.40","3,603.40","3,603.40","3,603.40",,0.05%
11/1/2023,"3,601.60","3,601.60","3,601.60","3,601.60",,-0.01%
10/31/2023,"3,602.00","3,602.00","3,602.00","3,602.00",,-0.94%
10/30/2023,"3,636.30","3,636.30","3,636.30","3,636.30",,0.74%
10/27/2023,"3,609.60","3,609.60","3,609.60","3,609.60",,1.32%
10/26/2023,"3,562.50","3,562.50","3,562.50","3,562.50",,-0.86%
10/25/2023,"3,593.50","3,593.50","3,593.50","3,593.50",,0.25%
10/24/2023,"3,584.70","3,584.70","3,584.70","3,584.70",,0.90%
10/23/2023,"3,552.70","3,552.70","3,552.70","3,552.70",,-0.20%
10/20/2023,"3,559.70","3,559.70","3,559.70","3,559.70",,-0.27%
10/19/2023,"3,569.30","3,569.30","3,569.30","3,569.30",,-0.04%
10/18/2023,"3,570.60","3,570.60","3,570.60","3,570.60",,0.27%
10/17/2023,"3,561.10","3,561.10","3,561.10","3,561.10",,-0.12%
10/16/2023,"3,565.50","3,565.50","3,565.50","3,565.50",,0.12%
10/13/2023,"3,561.10","3,561.10","3,561.10","3,561.10",,-0.33%
10/12/2023,"3,573.00","3,573.00","3,573.00","3,573.00",,-0.06%
10/11/2023,"3,575.00","3,575.00","3,575.00","3,575.00",,-0.07%
10/10/2023,"3,577.60","3,577.60","3,577.60","3,577.60",,-1.28%
10/9/2023,"3,624.00","3,624.00","3,624.00","3,624.00",,0.69%
10/6/2023,"3,599.10","3,599.10","3,599.10","3,599.10",,1.35%
10/5/2023,"3,551.20","3,551.20","3,551.20","3,551.20",,-0.60%
10/4/2023,"3,572.60","3,572.60","3,572.60","3,572.60",,-0.83%
10/3/2023,"3,602.60","3,602.60","3,602.60","3,602.60",,-0.97%
10/2/2023,"3,638.00","3,638.00","3,638.00","3,638.00",,-2.12%
9/29/2023,"3,716.90","3,716.90","3,716.90","3,716.90",,0.69%
9/28/2023,"3,691.30","3,691.30","3,691.30","3,691.30",,1.51%
9/27/2023,"3,636.40","3,636.40","3,636.40","3,636.40",,-0.09%
9/26/2023,"3,639.60","3,639.60","3,639.60","3,639.60",,-0.36%
9/25/2023,"3,652.60","3,652.60","3,652.60","3,652.60",,-1.01%
9/22/2023,"3,689.70","3,689.70","3,689.70","3,689.70",,0.94%
9/21/2023,"3,655.30","3,655.30","3,655.30","3,655.30",,-1.85%
9/20/2023,"3,724.10","3,724.10","3,724.10","3,724.10",,0.73%
9/19/2023,"3,697.00","3,697.00","3,697.00","3,697.00",,-0.66%
9/18/2023,"3,721.70","3,721.70","3,721.70","3,721.70",,0.06%
9/15/2023,"3,719.50","3,719.50","3,719.50","3,719.50",,-0.74%
9/14/2023,"3,747.10","3,747.10","3,747.10","3,747.10",,0.57%
9/13/2023,"3,725.80","3,725.80","3,725.80","3,725.80",,0.62%
9/12/2023,"3,702.90","3,702.90","3,702.90","3,702.90",,-0.62%
9/11/2023,"3,725.90","3,725.90","3,725.90","3,725.90",,1.69%
9/8/2023,"3,664.00","3,664.00","3,664.00","3,664.00",,-1.03%
9/7/2023,"3,702.30","3,702.30","3,702.30","3,702.30",,-0.36%
9/6/2023,"3,715.50","3,715.50","3,715.50","3,715.50",,-1.05%
9/5/2023,"3,755.00","3,755.00","3,755.00","3,755.00",,0.11%
9/4/2023,"3,751.00","3,751.00","3,751.00","3,751.00",,-0.50%
9/1/2023,"3,769.70","3,769.70","3,769.70","3,769.70",,1.40%
8/31/2023,"3,717.60","3,717.60","3,717.60","3,717.60",,-0.39%
8/30/2023,"3,732.00","3,732.00","3,732.00","3,732.00",,0.41%
8/29/2023,"3,716.60","3,716.60","3,716.60","3,716.60",,0.88%
8/25/2023,"3,684.00","3,684.00","3,684.00","3,684.00",,-0.27%
8/24/2023,"3,693.80","3,693.80","3,693.80","3,693.80",,-0.85%
8/23/2023,"3,725.50","3,725.50","3,725.50","3,725.50",,0.99%
8/22/2023,"3,688.80","3,688.80","3,688.80","3,688.80",,1.20%
8/21/2023,"3,645.00","3,645.00","3,645.00","3,645.00",,0.40%
8/18/2023,"3,630.40","3,630.40","3,630.40","3,630.40",,-0.08%
8/17/2023,"3,633.20","3,633.20","3,633.20","3,633.20",,0.86%
8/16/2023,"3,602.20","3,602.20","3,602.20","3,602.20",,-0.32%
8/15/2023,"3,613.80","3,613.80","3,613.80","3,613.80",,-0.87%
8/14/2023,"3,645.40","3,645.40","3,645.40","3,645.40",,-0.80%
8/11/2023,"3,674.90","3,674.90","3,674.90","3,674.90",,-1.27%
8/10/2023,"3,722.10","3,722.10","3,722.10","3,722.10",,0.00%
8/9/2023,"3,722.20","3,722.20","3,722.20","3,722.20",,0.27%
8/8/2023,"3,712.10","3,712.10","3,712.10","3,712.10",,-1.50%
8/7/2023,"3,768.70","3,768.70","3,768.70","3,768.70",,-0.71%
8/4/2023,"3,795.60","3,795.60","3,795.60","3,795.60",,-0.43%
8/3/2023,"3,812.10","3,812.10","3,812.10","3,812.10",,0.98%
8/2/2023,"3,775.00","3,775.00","3,775.00","3,775.00",,-1.86%
8/1/2023,"3,846.70","3,846.70","3,846.70","3,846.70",,-1.71%
7/31/2023,"3,913.50","3,913.50","3,913.50","3,913.50",,1.74%
7/28/2023,"3,846.40","3,846.40","3,846.40","3,846.40",,1.19%
7/27/2023,"3,801.30","3,801.30","3,801.30","3,801.30",,-0.46%
7/26/2023,"3,818.90","3,818.90","3,818.90","3,818.90",,-1.04%
7/25/2023,"3,858.90","3,858.90","3,858.90","3,858.90",,1.98%
7/24/2023,"3,783.90","3,783.90","3,783.90","3,783.90",,0.93%
7/21/2023,"3,748.90","3,748.90","3,748.90","3,748.90",,-0.42%
7/20/2023,"3,764.80","3,764.80","3,764.80","3,764.80",,0.86%
7/19/2023,"3,732.60","3,732.60","3,732.60","3,732.60",,-0.67%
7/18/2023,"3,757.80","3,757.80","3,757.80","3,757.80",,-0.59%
7/17/2023,"3,780.00","3,780.00","3,780.00","3,780.00",,-1.75%
7/14/2023,"3,847.40","3,847.40","3,847.40","3,847.40",,-0.20%
7/13/2023,"3,855.20","3,855.20","3,855.20","3,855.20",,1.78%
7/12/2023,"3,787.70","3,787.70","3,787.70","3,787.70",,2.75%
7/11/2023,"3,686.20","3,686.20","3,686.20","3,686.20",,-0.27%
7/10/2023,"3,696.30","3,696.30","3,696.30","3,696.30",,-0.06%
7/7/2023,"3,698.60","3,698.60","3,698.60","3,698.60",,0.64%
7/6/2023,"3,675.20","3,675.20","3,675.20","3,675.20",,-0.35%
7/5/2023,"3,688.10","3,688.10","3,688.10","3,688.10",,-0.36%
7/4/2023,"3,701.40","3,701.40","3,701.40","3,701.40",,-0.08%
7/3/2023,"3,704.30","3,704.30","3,704.30","3,704.30",,0.63%
6/30/2023,"3,681.10","3,681.10","3,681.10","3,681.10",,1.18%
6/29/2023,"3,638.20","3,638.20","3,638.20","3,638.20",,-0.50%
6/28/2023,"3,656.30","3,656.30","3,656.30","3,656.30",,-1.47%
6/27/2023,"3,710.70","3,710.70","3,710.70","3,710.70",,0.80%
6/26/2023,"3,681.10","3,681.10","3,681.10","3,681.10",,-1.04%
6/23/2023,"3,719.60","3,719.60","3,719.60","3,719.60",,-1.84%
6/22/2023,"3,789.40","3,789.40","3,789.40","3,789.40",,-0.35%
6/21/2023,"3,802.90","3,802.90","3,802.90","3,802.90",,0.37%
6/20/2023,"3,789.00","3,789.00","3,789.00","3,789.00",,-0.46%
6/19/2023,"3,806.40","3,806.40","3,806.40","3,806.40",,-0.80%
6/16/2023,"3,837.10","3,837.10","3,837.10","3,837.10",,0.20%
6/15/2023,"3,829.60","3,829.60","3,829.60","3,829.60",,0.49%
6/14/2023,"3,810.90","3,810.90","3,810.90","3,810.90",,1.45%
6/13/2023,"3,756.30","3,756.30","3,756.30","3,756.30",,1.78%
6/12/2023,"3,690.60","3,690.60","3,690.60","3,690.60",,-1.25%
6/9/2023,"3,737.20","3,737.20","3,737.20","3,737.20",,0.45%
6/8/2023,"3,720.50","3,720.50","3,720.50","3,720.50",,0.60%
6/7/2023,"3,698.30","3,698.30","3,698.30","3,698.30",,0.27%
6/6/2023,"3,688.40","3,688.40","3,688.40","3,688.40",,-0.14%
6/5/2023,"3,693.50","3,693.50","3,693.50","3,693.50",,0.19%
6/2/2023,"3,686.60","3,686.60","3,686.60","3,686.60",,-0.14%
6/1/2023,"3,691.80","3,691.80","3,691.80","3,691.80",,1.76%
5/31/2023,"3,627.90","3,627.90","3,627.90","3,627.90",,-0.46%
5/30/2023,"3,644.70","3,644.70","3,644.70","3,644.70",,-0.27%
5/26/2023,"3,654.70","3,654.70","3,654.70","3,654.70",,1.53%
5/25/2023,"3,599.80","3,599.80","3,599.80","3,599.80",,1.00%
5/24/2023,"3,564.20","3,564.20","3,564.20","3,564.20",,-1.94%
5/23/2023,"3,634.70","3,634.70","3,634.70","3,634.70",,-1.06%
5/22/2023,"3,673.60","3,673.60","3,673.60","3,673.60",,-1.30%
5/19/2023,"3,722.00","3,722.00","3,722.00","3,722.00",,0.89%
5/18/2023,"3,689.20","3,689.20","3,689.20","3,689.20",,-1.30%
5/17/2023,"3,737.70","3,737.70","3,737.70","3,737.70",,1.85%
5/16/2023,"3,669.70","3,669.70","3,669.70","3,669.70",,-1.46%
5/15/2023,"3,724.10","3,724.10","3,724.10","3,724.10",,0.09%
5/12/2023,"3,720.70","3,720.70","3,720.70","3,720.70",,0.81%
5/11/2023,"3,690.70","3,690.70","3,690.70","3,690.70",,-3.10%
5/10/2023,"3,808.90","3,808.90","3,808.90","3,808.90",,-1.82%
5/9/2023,"3,879.40","3,879.40","3,879.40","3,879.40",,-0.38%
5/5/2023,"3,894.20","3,894.20","3,894.20","3,894.20",,1.37%
5/4/2023,"3,841.60","3,841.60","3,841.60","3,841.60",,-0.76%
5/3/2023,"3,871.00","3,871.00","3,871.00","3,871.00",,-0.76%
5/2/2023,"3,900.80","3,900.80","3,900.80","3,900.80",,-0.17%
4/28/2023,"3,907.60","3,907.60","3,907.60","3,907.60",,0.71%
4/27/2023,"3,880.20","3,880.20","3,880.20","3,880.20",,0.26%
4/26/2023,"3,870.20","3,870.20","3,870.20","3,870.20",,0.37%
4/25/2023,"3,855.80","3,855.80","3,855.80","3,855.80",,-2.58%
4/24/2023,"3,957.80","3,957.80","3,957.80","3,957.80",,-0.68%
4/21/2023,"3,984.90","3,984.90","3,984.90","3,984.90",,-1.12%
4/20/2023,"4,030.10","4,030.10","4,030.10","4,030.10",,-0.96%
4/19/2023,"4,069.10","4,069.10","4,069.10","4,069.10",,-0.61%
4/18/2023,"4,094.00","4,094.00","4,094.00","4,094.00",,1.40%
4/17/2023,"4,037.40","4,037.40","4,037.40","4,037.40",,0.14%
4/14/2023,"4,031.60","4,031.60","4,031.60","4,031.60",,0.28%
4/13/2023,"4,020.50","4,020.50","4,020.50","4,020.50",,1.65%
4/12/2023,"3,955.10","3,955.10","3,955.10","3,955.10",,0.89%
4/11/2023,"3,920.30","3,920.30","3,920.30","3,920.30",,0.09%
4/6/2023,"3,916.80","3,916.80","3,916.80","3,916.80",,0.13%
4/5/2023,"3,911.60","3,911.60","3,911.60","3,911.60",,-0.56%
4/4/2023,"3,933.50","3,933.50","3,933.50","3,933.50",,-1.77%
4/3/2023,"4,004.30","4,004.30","4,004.30","4,004.30",,-0.84%
3/31/2023,"4,038.20","4,038.20","4,038.20","4,038.20",,0.35%
3/30/2023,"4,024.30","4,024.30","4,024.30","4,024.30",,-0.30%
3/29/2023,"4,036.30","4,036.30","4,036.30","4,036.30",,0.06%
3/28/2023,"4,033.70","4,033.70","4,033.70","4,033.70",,0.52%
3/27/2023,"4,012.70","4,012.70","4,012.70","4,012.70",,0.81%
3/24/2023,"3,980.50","3,980.50","3,980.50","3,980.50",,-0.16%
3/23/2023,"3,986.70","3,986.70","3,986.70","3,986.70",,1.57%
3/22/2023,"3,925.00","3,925.00","3,925.00","3,925.00",,1.12%
3/21/2023,"3,881.60","3,881.60","3,881.60","3,881.60",,0.16%
3/20/2023,"3,875.40","3,875.40","3,875.40","3,875.40",,0.57%
3/17/2023,"3,853.60","3,853.60","3,853.60","3,853.60",,0.73%
3/16/2023,"3,825.50","3,825.50","3,825.50","3,825.50",,0.03%
3/15/2023,"3,824.40","3,824.40","3,824.40","3,824.40",,-2.96%
3/14/2023,"3,940.90","3,940.90","3,940.90","3,940.90",,-0.64%
3/13/2023,"3,966.20","3,966.20","3,966.20","3,966.20",,0.84%
3/10/2023,"3,933.00","3,933.00","3,933.00","3,933.00",,-0.48%
3/9/2023,"3,952.10","3,952.10","3,952.10","3,952.10",,-0.74%
3/8/2023,"3,981.60","3,981.60","3,981.60","3,981.60",,0.87%
3/7/2023,"3,947.10","3,947.10","3,947.10","3,947.10",,-1.71%
3/6/2023,"4,015.80","4,015.80","4,015.80","4,015.80",,-0.84%
3/3/2023,"4,049.70","4,049.70","4,049.70","4,049.70",,0.38%
3/2/2023,"4,034.50","4,034.50","4,034.50","4,034.50",,-1.70%
3/1/2023,"4,104.10","4,104.10","4,104.10","4,104.10",,1.81%
2/28/2023,"4,031.20","4,031.20","4,031.20","4,031.20",,0.69%
2/27/2023,"4,003.60","4,003.60","4,003.60","4,003.60",,1.25%
2/24/2023,"3,954.00","3,954.00","3,954.00","3,954.00",,-2.26%
2/23/2023,"4,045.50","4,045.50","4,045.50","4,045.50",,-2.12%
2/22/2023,"4,133.10","4,133.10","4,133.10","4,133.10",,-1.55%
2/21/2023,"4,198.20","4,198.20","4,198.20","4,198.20",,0.64%
2/20/2023,"4,171.40","4,171.40","4,171.40","4,171.40",,2.48%
2/17/2023,"4,070.50","4,070.50","4,070.50","4,070.50",,-0.54%
2/16/2023,"4,092.40","4,092.40","4,092.40","4,092.40",,1.20%
2/15/2023,"4,043.90","4,043.90","4,043.90","4,043.90",,-1.14%
2/14/2023,"4,090.50","4,090.50","4,090.50","4,090.50",,-0.23%
2/13/2023,"4,100.00","4,100.00","4,100.00","4,100.00",,0.02%
2/10/2023,"4,099.20","4,099.20","4,099.20","4,099.20",,-2.08%
2/9/2023,"4,186.30","4,186.30","4,186.30","4,186.30",,1.50%
2/8/2023,"4,124.60","4,124.60","4,124.60","4,124.60",,-0.35%
2/7/2023,"4,138.90","4,138.90","4,138.90","4,138.90",,0.27%
2/6/2023,"4,127.90","4,127.90","4,127.90","4,127.90",,-2.03%
2/3/2023,"4,213.60","4,213.60","4,213.60","4,213.60",,-1.85%
2/2/2023,"4,293.00","4,293.00","4,293.00","4,293.00",,0.06%
2/1/2023,"4,290.60","4,290.60","4,290.60","4,290.60",,-1.51%
1/31/2023,"4,356.30","4,356.30","4,356.30","4,356.30",,0.67%
1/30/2023,"4,327.40","4,327.40","4,327.40","4,327.40",,-0.61%
1/27/2023,"4,354.10","4,354.10","4,354.10","4,354.10",,-1.12%
1/26/2023,"4,403.50","4,403.50","4,403.50","4,403.50",,0.42%
1/25/2023,"4,385.00","4,385.00","4,385.00","4,385.00",,0.45%
1/24/2023,"4,365.40","4,365.40","4,365.40","4,365.40",,0.33%
1/23/2023,"4,351.20","4,351.20","4,351.20","4,351.20",,0.05%
1/20/2023,"4,348.90","4,348.90","4,348.90","4,348.90",,0.02%
1/19/2023,"4,348.10","4,348.10","4,348.10","4,348.10",,0.06%
1/18/2023,"4,345.60","4,345.60","4,345.60","4,345.60",,1.15%
1/17/2023,"4,296.30","4,296.30","4,296.30","4,296.30",,0.81%
1/16/2023,"4,261.60","4,261.60","4,261.60","4,261.60",,-0.26%
1/13/2023,"4,272.60","4,272.60","4,272.60","4,272.60",,0.84%
1/12/2023,"4,236.80","4,236.80","4,236.80","4,236.80",,0.97%
1/11/2023,"4,195.90","4,195.90","4,195.90","4,195.90",,1.81%
1/10/2023,"4,121.50","4,121.50","4,121.50","4,121.50",,0.31%
1/9/2023,"4,108.80","4,108.80","4,108.80","4,108.80",,3.26%
1/6/2023,"3,979.10","3,979.10","3,979.10","3,979.10",,1.89%
1/5/2023,"3,905.40","3,905.40","3,905.40","3,905.40",,-0.24%
1/4/2023,"3,914.60","3,914.60","3,914.60","3,914.60",,-1.44%
1/3/2023,"3,971.80","3,971.80","3,971.80","3,971.80",,-0.30%
12/30/2022,"3,983.80","3,983.80","3,983.80","3,983.80",,-0.61%
12/29/2022,"4,008.40","4,008.40","4,008.40","4,008.40",,0.05%
12/28/2022,"4,006.50","4,006.50","4,006.50","4,006.50",,1.03%
12/23/2022,"3,965.50","3,965.50","3,965.50","3,965.50",,0.38%
12/22/2022,"3,950.60","3,950.60","3,950.60","3,950.60",,-0.74%
12/21/2022,"3,980.20","3,980.20","3,980.20","3,980.20",,0.76%
12/20/2022,"3,950.20","3,950.20","3,950.20","3,950.20",,1.13%
12/19/2022,"3,906.10","3,906.10","3,906.10","3,906.10",,-0.23%
12/16/2022,"3,915.30","3,915.30","3,915.30","3,915.30",,-0.62%
12/15/2022,"3,939.70","3,939.70","3,939.70","3,939.70",,-2.09%
12/14/2022,"4,023.70","4,023.70","4,023.70","4,023.70",,-0.30%
12/13/2022,"4,035.80","4,035.80","4,035.80","4,035.80",,0.94%
12/12/2022,"3,998.40","3,998.40","3,998.40","3,998.40",,-1.64%
12/9/2022,"4,065.20","4,065.20","4,065.20","4,065.20",,-0.41%
12/8/2022,"4,082.00","4,082.00","4,082.00","4,082.00",,0.22%
12/7/2022,"4,073.00","4,073.00","4,073.00","4,073.00",,0.82%
12/6/2022,"4,040.00","4,040.00","4,040.00","4,040.00",,0.43%
12/5/2022,"4,022.70","4,022.70","4,022.70","4,022.70",,-0.28%
12/2/2022,"4,033.90","4,033.90","4,033.90","4,033.90",,1.75%
12/1/2022,"3,964.40","3,964.40","3,964.40","3,964.40",,1.04%
11/30/2022,"3,923.50","3,923.50","3,923.50","3,923.50",,2.63%
11/29/2022,"3,823.10","3,823.10","3,823.10","3,823.10",,1.36%
11/28/2022,"3,771.80","3,771.80","3,771.80","3,771.80",,-0.14%
11/25/2022,"3,777.20","3,777.20","3,777.20","3,777.20",,-0.55%
11/24/2022,"3,797.90","3,797.90","3,797.90","3,797.90",,0.00%
11/23/2022,"3,797.90","3,797.90","3,797.90","3,797.90",,-0.29%
11/22/2022,"3,809.00","3,809.00","3,809.00","3,809.00",,1.98%
11/21/2022,"3,735.20","3,735.20","3,735.20","3,735.20",,-2.68%
11/18/2022,"3,838.20","3,838.20","3,838.20","3,838.20",,0.42%
11/17/2022,"3,822.00","3,822.00","3,822.00","3,822.00",,-2.78%
11/16/2022,"3,931.40","3,931.40","3,931.40","3,931.40",,-1.95%
11/15/2022,"4,009.70","4,009.70","4,009.70","4,009.70",,0.65%
11/14/2022,"3,984.00","3,984.00","3,984.00","3,984.00",,0.38%
11/11/2022,"3,968.90","3,968.90","3,968.90","3,968.90",,3.74%
11/10/2022,"3,825.80","3,825.80","3,825.80","3,825.80",,1.90%
11/9/2022,"3,754.60","3,754.60","3,754.60","3,754.60",,-0.44%
11/8/2022,"3,771.20","3,771.20","3,771.20","3,771.20",,2.23%
11/7/2022,"3,689.10","3,689.10","3,689.10","3,689.10",,-1.56%
11/4/2022,"3,747.70","3,747.70","3,747.70","3,747.70",,5.77%
11/3/2022,"3,543.40","3,543.40","3,543.40","3,543.40",,-1.04%
11/2/2022,"3,580.80","3,580.80","3,580.80","3,580.80",,0.07%
11/1/2022,"3,578.40","3,578.40","3,578.40","3,578.40",,2.62%
10/31/2022,"3,487.10","3,487.10","3,487.10","3,487.10",,-1.26%
10/28/2022,"3,531.60","3,531.60","3,531.60","3,531.60",,-2.58%
10/27/2022,"3,625.10","3,625.10","3,625.10","3,625.10",,-0.88%
10/26/2022,"3,657.30","3,657.30","3,657.30","3,657.30",,3.39%
10/25/2022,"3,537.40","3,537.40","3,537.40","3,537.40",,-0.05%
10/24/2022,"3,539.20","3,539.20","3,539.20","3,539.20",,-0.46%
10/21/2022,"3,555.40","3,555.40","3,555.40","3,555.40",,-0.13%
10/20/2022,"3,560.10","3,560.10","3,560.10","3,560.10",,2.01%
10/19/2022,"3,489.80","3,489.80","3,489.80","3,489.80",,-0.34%
10/18/2022,"3,501.70","3,501.70","3,501.70","3,501.70",,-1.27%
10/17/2022,"3,546.60","3,546.60","3,546.60","3,546.60",,-1.02%
10/14/2022,"3,583.00","3,583.00","3,583.00","3,583.00",,-0.91%
10/13/2022,"3,615.80","3,615.80","3,615.80","3,615.80",,0.50%
10/12/2022,"3,597.90","3,597.90","3,597.90","3,597.90",,0.46%
10/11/2022,"3,581.40","3,581.40","3,581.40","3,581.40",,-0.24%
10/10/2022,"3,589.90","3,589.90","3,589.90","3,589.90",,0.36%
10/7/2022,"3,577.10","3,577.10","3,577.10","3,577.10",,-2.05%
10/6/2022,"3,652.10","3,652.10","3,652.10","3,652.10",,-0.28%
10/5/2022,"3,662.40","3,662.40","3,662.40","3,662.40",,0.07%
10/4/2022,"3,659.80","3,659.80","3,659.80","3,659.80",,3.47%
10/3/2022,"3,537.20","3,537.20","3,537.20","3,537.20",,-0.11%
9/30/2022,"3,541.00","3,541.00","3,541.00","3,541.00",,-0.43%
9/29/2022,"3,556.40","3,556.40","3,556.40","3,556.40",,2.16%
9/28/2022,"3,481.30","3,481.30","3,481.30","3,481.30",,0.83%
9/27/2022,"3,452.80","3,452.80","3,452.80","3,452.80",,-0.60%
9/26/2022,"3,473.50","3,473.50","3,473.50","3,473.50",,-1.74%
9/23/2022,"3,535.10","3,535.10","3,535.10","3,535.10",,-3.29%
9/22/2022,"3,655.30","3,655.30","3,655.30","3,655.30",,0.22%
9/21/2022,"3,647.20","3,647.20","3,647.20","3,647.20",,-1.01%
9/20/2022,"3,684.50","3,684.50","3,684.50","3,684.50",,0.15%
9/19/2022,"3,679.00","3,679.00","3,679.00","3,679.00",,-0.28%
9/16/2022,"3,689.20","3,689.20","3,689.20","3,689.20",,0.33%
9/15/2022,"3,676.90","3,676.90","3,676.90","3,676.90",,-1.06%
9/14/2022,"3,716.30","3,716.30","3,716.30","3,716.30",,-0.95%
9/13/2022,"3,751.80","3,751.80","3,751.80","3,751.80",,-0.31%
9/12/2022,"3,763.40","3,763.40","3,763.40","3,763.40",,1.66%
9/9/2022,"3,702.10","3,702.10","3,702.10","3,702.10",,1.02%
9/8/2022,"3,664.70","3,664.70","3,664.70","3,664.70",,1.81%
9/7/2022,"3,599.40","3,599.40","3,599.40","3,599.40",,-0.84%
9/6/2022,"3,629.80","3,629.80","3,629.80","3,629.80",,-0.23%
9/5/2022,"3,638.10","3,638.10","3,638.10","3,638.10",,0.82%
9/2/2022,"3,608.40","3,608.40","3,608.40","3,608.40",,-0.08%
9/1/2022,"3,611.40","3,611.40","3,611.40","3,611.40",,-3.42%
8/31/2022,"3,739.40","3,739.40","3,739.40","3,739.40",,-0.91%
8/30/2022,"3,773.90","3,773.90","3,773.90","3,773.90",,-3.33%
8/26/2022,"3,903.80","3,903.80","3,903.80","3,903.80",,0.84%
8/25/2022,"3,871.10","3,871.10","3,871.10","3,871.10",,0.92%
8/24/2022,"3,836.00","3,836.00","3,836.00","3,836.00",,-0.68%
8/23/2022,"3,862.40","3,862.40","3,862.40","3,862.40",,0.57%
8/22/2022,"3,840.60","3,840.60","3,840.60","3,840.60",,-0.25%
8/19/2022,"3,850.20","3,850.20","3,850.20","3,850.20",,0.42%
8/18/2022,"3,834.10","3,834.10","3,834.10","3,834.10",,0.41%
8/17/2022,"3,818.60","3,818.60","3,818.60","3,818.60",,-0.84%
8/16/2022,"3,851.10","3,851.10","3,851.10","3,851.10",,0.38%
8/15/2022,"3,836.50","3,836.50","3,836.50","3,836.50",,-1.69%
8/12/2022,"3,902.30","3,902.30","3,902.30","3,902.30",,-1.81%
8/11/2022,"3,974.20","3,974.20","3,974.20","3,974.20",,1.55%
8/10/2022,"3,913.70","3,913.70","3,913.70","3,913.70",,1.19%
8/9/2022,"3,867.50","3,867.50","3,867.50","3,867.50",,0.65%
8/8/2022,"3,842.50","3,842.50","3,842.50","3,842.50",,0.81%
8/5/2022,"3,811.50","3,811.50","3,811.50","3,811.50",,1.22%
8/4/2022,"3,765.40","3,765.40","3,765.40","3,765.40",,1.16%
8/3/2022,"3,722.20","3,722.20","3,722.20","3,722.20",,-1.39%
8/2/2022,"3,774.50","3,774.50","3,774.50","3,774.50",,-0.90%
8/1/2022,"3,808.80","3,808.80","3,808.80","3,808.80",,-1.09%
7/29/2022,"3,850.90","3,850.90","3,850.90","3,850.90",,2.75%
7/28/2022,"3,748.00","3,748.00","3,748.00","3,748.00",,1.53%
7/27/2022,"3,691.50","3,691.50","3,691.50","3,691.50",,0.78%
7/26/2022,"3,663.00","3,663.00","3,663.00","3,663.00",,0.39%
7/25/2022,"3,648.60","3,648.60","3,648.60","3,648.60",,-0.49%
7/22/2022,"3,666.50","3,666.50","3,666.50","3,666.50",,1.92%
7/21/2022,"3,597.40","3,597.40","3,597.40","3,597.40",,-0.58%
7/20/2022,"3,618.30","3,618.30","3,618.30","3,618.30",,1.72%
7/19/2022,"3,557.20","3,557.20","3,557.20","3,557.20",,-1.54%
7/18/2022,"3,613.00","3,613.00","3,613.00","3,613.00",,3.37%
7/15/2022,"3,495.20","3,495.20","3,495.20","3,495.20",,0.64%
7/14/2022,"3,473.10","3,473.10","3,473.10","3,473.10",,-2.76%
7/13/2022,"3,571.80","3,571.80","3,571.80","3,571.80",,-0.55%
7/12/2022,"3,591.70","3,591.70","3,591.70","3,591.70",,-2.12%
7/11/2022,"3,669.50","3,669.50","3,669.50","3,669.50",,-1.74%
7/8/2022,"3,734.50","3,734.50","3,734.50","3,734.50",,-0.45%
7/7/2022,"3,751.40","3,751.40","3,751.40","3,751.40",,2.89%
7/6/2022,"3,646.20","3,646.20","3,646.20","3,646.20",,-1.37%
7/5/2022,"3,696.80","3,696.80","3,696.80","3,696.80",,-3.29%
7/4/2022,"3,822.60","3,822.60","3,822.60","3,822.60",,0.51%
7/1/2022,"3,803.30","3,803.30","3,803.30","3,803.30",,-1.94%
6/30/2022,"3,878.60","3,878.60","3,878.60","3,878.60",,-2.24%
6/29/2022,"3,967.50","3,967.50","3,967.50","3,967.50",,0.31%
6/28/2022,"3,955.30","3,955.30","3,955.30","3,955.30",,-0.31%
6/27/2022,"3,967.70","3,967.70","3,967.70","3,967.70",,1.25%
6/24/2022,"3,918.90","3,918.90","3,918.90","3,918.90",,-1.90%
6/23/2022,"3,994.80","3,994.80","3,994.80","3,994.80",,-2.93%
6/22/2022,"4,115.50","4,115.50","4,115.50","4,115.50",,-2.86%
6/21/2022,"4,236.60","4,236.60","4,236.60","4,236.60",,0.56%
6/20/2022,"4,213.10","4,213.10","4,213.10","4,213.10",,0.31%
6/17/2022,"4,199.90","4,199.90","4,199.90","4,199.90",,-0.91%
6/16/2022,"4,238.30","4,238.30","4,238.30","4,238.30",,-1.99%
6/15/2022,"4,324.20","4,324.20","4,324.20","4,324.20",,0.78%
6/14/2022,"4,290.60","4,290.60","4,290.60","4,290.60",,-1.45%
6/13/2022,"4,353.70","4,353.70","4,353.70","4,353.70",,-2.42%
6/10/2022,"4,461.60","4,461.60","4,461.60","4,461.60",,-2.24%
6/9/2022,"4,563.80","4,563.80","4,563.80","4,563.80",,-1.55%
6/8/2022,"4,635.50","4,635.50","4,635.50","4,635.50",,0.52%
6/7/2022,"4,611.60","4,611.60","4,611.60","4,611.60",,-0.44%
6/6/2022,"4,631.80","4,631.80","4,631.80","4,631.80",,2.46%
6/1/2022,"4,520.50","4,520.50","4,520.50","4,520.50",,-0.36%
5/31/2022,"4,537.00","4,537.00","4,537.00","4,537.00",,-1.48%
5/30/2022,"4,605.30","4,605.30","4,605.30","4,605.30",,1.15%
5/27/2022,"4,553.10","4,553.10","4,553.10","4,553.10",,1.43%
5/26/2022,"4,488.90","4,488.90","4,488.90","4,488.90",,-0.13%
5/25/2022,"4,494.70","4,494.70","4,494.70","4,494.70",,-0.79%
5/24/2022,"4,530.40","4,530.40","4,530.40","4,530.40",,-1.46%
5/23/2022,"4,597.40","4,597.40","4,597.40","4,597.40",,0.83%
5/20/2022,"4,559.50","4,559.50","4,559.50","4,559.50",,0.45%
5/19/2022,"4,539.20","4,539.20","4,539.20","4,539.20",,2.65%
5/18/2022,"4,422.20","4,422.20","4,422.20","4,422.20",,-1.38%
5/17/2022,"4,483.90","4,483.90","4,483.90","4,483.90",,1.43%
5/16/2022,"4,420.60","4,420.60","4,420.60","4,420.60",,0.87%
5/13/2022,"4,382.50","4,382.50","4,382.50","4,382.50",,0.32%
5/12/2022,"4,368.50","4,368.50","4,368.50","4,368.50",,-2.37%
5/11/2022,"4,474.50","4,474.50","4,474.50","4,474.50",,0.86%
5/10/2022,"4,436.50","4,436.50","4,436.50","4,436.50",,-0.34%
5/9/2022,"4,451.60","4,451.60","4,451.60","4,451.60",,-3.11%
5/6/2022,"4,594.30","4,594.30","4,594.30","4,594.30",,-1.60%
5/5/2022,"4,668.90","4,668.90","4,668.90","4,668.90",,-0.46%
5/4/2022,"4,690.30","4,690.30","4,690.30","4,690.30",,0.62%
5/3/2022,"4,661.60","4,661.60","4,661.60","4,661.60",,-3.50%
4/29/2022,"4,830.80","4,830.80","4,830.80","4,830.80",,0.07%
4/28/2022,"4,827.20","4,827.20","4,827.20","4,827.20",,-1.58%
4/27/2022,"4,904.70","4,904.70","4,904.70","4,904.70",,0.25%
4/26/2022,"4,892.30","4,892.30","4,892.30","4,892.30",,0.56%
4/25/2022,"4,864.90","4,864.90","4,864.90","4,864.90",,-3.87%
4/22/2022,"5,060.60","5,060.60","5,060.60","5,060.60",,-1.56%
4/21/2022,"5,140.80","5,140.80","5,140.80","5,140.80",,0.71%
4/20/2022,"5,104.70","5,104.70","5,104.70","5,104.70",,-0.66%
4/19/2022,"5,138.40","5,138.40","5,138.40","5,138.40",,0.16%
4/14/2022,"5,130.40","5,130.40","5,130.40","5,130.40",,0.33%
4/13/2022,"5,113.60","5,113.60","5,113.60","5,113.60",,0.11%
4/12/2022,"5,108.00","5,108.00","5,108.00","5,108.00",,0.93%
4/11/2022,"5,060.70","5,060.70","5,060.70","5,060.70",,-1.85%
4/8/2022,"5,156.00","5,156.00","5,156.00","5,156.00",,0.26%
4/7/2022,"5,142.80","5,142.80","5,142.80","5,142.80",,-0.56%
4/6/2022,"5,171.80","5,171.80","5,171.80","5,171.80",,-0.97%
4/5/2022,"5,222.60","5,222.60","5,222.60","5,222.60",,-0.14%
4/4/2022,"5,229.80","5,229.80","5,229.80","5,229.80",,0.39%
4/1/2022,"5,209.60","5,209.60","5,209.60","5,209.60",,0.68%
3/31/2022,"5,174.30","5,174.30","5,174.30","5,174.30",,-0.47%
3/30/2022,"5,198.80","5,198.80","5,198.80","5,198.80",,1.74%
3/29/2022,"5,110.00","5,110.00","5,110.00","5,110.00",,-1.66%
3/28/2022,"5,196.00","5,196.00","5,196.00","5,196.00",,-0.32%
3/25/2022,"5,212.60","5,212.60","5,212.60","5,212.60",,-0.96%
3/24/2022,"5,262.90","5,262.90","5,262.90","5,262.90",,0.61%
3/23/2022,"5,230.80","5,230.80","5,230.80","5,230.80",,3.93%
3/22/2022,"5,032.80","5,032.80","5,032.80","5,032.80",,-1.42%
3/21/2022,"5,105.10","5,105.10","5,105.10","5,105.10",,-0.75%
3/18/2022,"5,143.90","5,143.90","5,143.90","5,143.90",,-1.03%
3/17/2022,"5,197.60","5,197.60","5,197.60","5,197.60",,0.58%
3/16/2022,"5,167.80","5,167.80","5,167.80","5,167.80",,-0.14%
3/15/2022,"5,175.10","5,175.10","5,175.10","5,175.10",,-0.38%
3/14/2022,"5,194.80","5,194.80","5,194.80","5,194.80",,-2.52%
3/11/2022,"5,329.00","5,329.00","5,329.00","5,329.00",,0.55%
3/10/2022,"5,299.70","5,299.70","5,299.70","5,299.70",,0.88%
3/9/2022,"5,253.70","5,253.70","5,253.70","5,253.70",,-3.04%
3/8/2022,"5,418.30","5,418.30","5,418.30","5,418.30",,-1.59%
3/7/2022,"5,505.70","5,505.70","5,505.70","5,505.70",,2.80%
3/4/2022,"5,355.80","5,355.80","5,355.80","5,355.80",,3.55%
3/3/2022,"5,172.40","5,172.40","5,172.40","5,172.40",,2.49%
3/2/2022,"5,046.70","5,046.70","5,046.70","5,046.70",,1.64%
3/1/2022,"4,965.30","4,965.30","4,965.30","4,965.30",,2.26%
2/28/2022,"4,855.80","4,855.80","4,855.80","4,855.80",,0.32%
2/25/2022,"4,840.40","4,840.40","4,840.40","4,840.40",,-0.49%
2/24/2022,"4,864.40","4,864.40","4,864.40","4,864.40",,1.10%
2/23/2022,"4,811.40","4,811.40","4,811.40","4,811.40",,-0.42%
2/22/2022,"4,831.70","4,831.70","4,831.70","4,831.70",,0.48%
2/21/2022,"4,808.40","4,808.40","4,808.40","4,808.40",,-0.09%
2/18/2022,"4,812.50","4,812.50","4,812.50","4,812.50",,0.18%
2/17/2022,"4,803.70","4,803.70","4,803.70","4,803.70",,0.04%
2/16/2022,"4,801.90","4,801.90","4,801.90","4,801.90",,0.60%
2/15/2022,"4,773.20","4,773.20","4,773.20","4,773.20",,0.29%
2/14/2022,"4,759.50","4,759.50","4,759.50","4,759.50",,0.81%
2/11/2022,"4,721.40","4,721.40","4,721.40","4,721.40",,-3.20%
2/10/2022,"4,877.50","4,877.50","4,877.50","4,877.50",,1.16%
2/9/2022,"4,821.60","4,821.60","4,821.60","4,821.60",,2.42%
2/8/2022,"4,707.50","4,707.50","4,707.50","4,707.50",,0.06%
2/7/2022,"4,704.90","4,704.90","4,704.90","4,704.90",,0.29%
2/4/2022,"4,691.40","4,691.40","4,691.40","4,691.40",,0.30%
2/3/2022,"4,677.20","4,677.20","4,677.20","4,677.20",,0.27%
2/2/2022,"4,664.80","4,664.80","4,664.80","4,664.80",,0.51%
2/1/2022,"4,641.30","4,641.30","4,641.30","4,641.30",,1.18%
1/31/2022,"4,587.20","4,587.20","4,587.20","4,587.20",,-0.29%
1/28/2022,"4,600.60","4,600.60","4,600.60","4,600.60",,-1.71%
1/27/2022,"4,680.80","4,680.80","4,680.80","4,680.80",,-0.73%
1/26/2022,"4,715.10","4,715.10","4,715.10","4,715.10",,1.00%
1/25/2022,"4,668.60","4,668.60","4,668.60","4,668.60",,0.51%
1/24/2022,"4,644.80","4,644.80","4,644.80","4,644.80",,-2.05%
1/21/2022,"4,741.90","4,741.90","4,741.90","4,741.90",,-0.54%
1/20/2022,"4,767.70","4,767.70","4,767.70","4,767.70",,1.72%
1/19/2022,"4,687.20","4,687.20","4,687.20","4,687.20",,1.66%
1/18/2022,"4,610.70","4,610.70","4,610.70","4,610.70",,0.15%
1/17/2022,"4,603.60","4,603.60","4,603.60","4,603.60",,0.33%
1/14/2022,"4,588.60","4,588.60","4,588.60","4,588.60",,-1.18%
1/13/2022,"4,643.50","4,643.50","4,643.50","4,643.50",,-0.92%
1/12/2022,"4,686.60","4,686.60","4,686.60","4,686.60",,2.25%
1/11/2022,"4,583.60","4,583.60","4,583.60","4,583.60",,1.84%
1/10/2022,"4,500.60","4,500.60","4,500.60","4,500.60",,-0.52%
1/7/2022,"4,524.00","4,524.00","4,524.00","4,524.00",,0.78%
1/6/2022,"4,488.80","4,488.80","4,488.80","4,488.80",,-1.11%
1/5/2022,"4,539.20","4,539.20","4,539.20","4,539.20",,-0.03%
1/4/2022,"4,540.60","4,540.60","4,540.60","4,540.60",,0.86%
12/31/2021,"4,502.00","4,502.00","4,502.00","4,502.00",,0.03%
12/30/2021,"4,500.50","4,500.50","4,500.50","4,500.50",,0.25%
12/29/2021,"4,489.50","4,489.50","4,489.50","4,489.50",,0.53%
12/24/2021,"4,466.00","4,466.00","4,466.00","4,466.00",,-0.21%
12/23/2021,"4,475.20","4,475.20","4,475.20","4,475.20",,0.13%
12/22/2021,"4,469.40","4,469.40","4,469.40","4,469.40",,1.45%
12/21/2021,"4,405.60","4,405.60","4,405.60","4,405.60",,1.61%
12/20/2021,"4,336.00","4,336.00","4,336.00","4,336.00",,-0.69%
12/17/2021,"4,366.30","4,366.30","4,366.30","4,366.30",,-0.02%
12/16/2021,"4,367.00","4,367.00","4,367.00","4,367.00",,3.17%
12/15/2021,"4,232.80","4,232.80","4,232.80","4,232.80",,-1.73%
12/14/2021,"4,307.40","4,307.40","4,307.40","4,307.40",,-0.55%
12/13/2021,"4,331.20","4,331.20","4,331.20","4,331.20",,-0.12%
12/10/2021,"4,336.30","4,336.30","4,336.30","4,336.30",,-0.35%
12/9/2021,"4,351.40","4,351.40","4,351.40","4,351.40",,-0.93%
12/8/2021,"4,392.10","4,392.10","4,392.10","4,392.10",,0.80%
12/7/2021,"4,357.40","4,357.40","4,357.40","4,357.40",,0.99%
12/6/2021,"4,314.60","4,314.60","4,314.60","4,314.60",,-0.01%
12/3/2021,"4,314.90","4,314.90","4,314.90","4,314.90",,-0.28%
12/2/2021,"4,327.10","4,327.10","4,327.10","4,327.10",,-0.32%
12/1/2021,"4,341.10","4,341.10","4,341.10","4,341.10",,0.33%
11/30/2021,"4,326.90","4,326.90","4,326.90","4,326.90",,-0.95%
11/29/2021,"4,368.20","4,368.20","4,368.20","4,368.20",,0.90%
11/26/2021,"4,329.20","4,329.20","4,329.20","4,329.20",,-3.30%
11/25/2021,"4,477.00","4,477.00","4,477.00","4,477.00",,-0.17%
11/24/2021,"4,484.40","4,484.40","4,484.40","4,484.40",,1.34%
11/23/2021,"4,425.10","4,425.10","4,425.10","4,425.10",,-0.43%
11/22/2021,"4,444.10","4,444.10","4,444.10","4,444.10",,1.04%
11/19/2021,"4,398.30","4,398.30","4,398.30","4,398.30",,2.09%
11/18/2021,"4,308.40","4,308.40","4,308.40","4,308.40",,0.42%
11/17/2021,"4,290.20","4,290.20","4,290.20","4,290.20",,-0.59%
11/16/2021,"4,315.60","4,315.60","4,315.60","4,315.60",,-1.34%
11/15/2021,"4,374.30","4,374.30","4,374.30","4,374.30",,-0.94%
11/12/2021,"4,415.80","4,415.80","4,415.80","4,415.80",,0.80%
11/11/2021,"4,380.90","4,380.90","4,380.90","4,380.90",,0.94%
11/10/2021,"4,340.20","4,340.20","4,340.20","4,340.20",,0.10%
11/9/2021,"4,335.70","4,335.70","4,335.70","4,335.70",,-1.04%
11/8/2021,"4,381.30","4,381.30","4,381.30","4,381.30",,1.40%
11/5/2021,"4,320.70","4,320.70","4,320.70","4,320.70",,0.54%
11/4/2021,"4,297.30","4,297.30","4,297.30","4,297.30",,-1.10%
11/3/2021,"4,344.90","4,344.90","4,344.90","4,344.90",,-0.82%
11/2/2021,"4,380.90","4,380.90","4,380.90","4,380.90",,-1.09%
11/1/2021,"4,429.10","4,429.10","4,429.10","4,429.10",,0.79%
10/29/2021,"4,394.20","4,394.20","4,394.20","4,394.20",,-0.85%
10/28/2021,"4,431.70","4,431.70","4,431.70","4,431.70",,1.68%
10/27/2021,"4,358.60","4,358.60","4,358.60","4,358.60",,-3.32%
10/26/2021,"4,508.50","4,508.50","4,508.50","4,508.50",,-0.95%
10/25/2021,"4,551.80","4,551.80","4,551.80","4,551.80",,1.22%
10/22/2021,"4,496.90","4,496.90","4,496.90","4,496.90",,-1.01%
10/21/2021,"4,542.70","4,542.70","4,542.70","4,542.70",,-3.73%
10/20/2021,"4,718.50","4,718.50","4,718.50","4,718.50",,0.62%
10/19/2021,"4,689.20","4,689.20","4,689.20","4,689.20",,-1.04%
10/18/2021,"4,738.30","4,738.30","4,738.30","4,738.30",,-0.51%
10/15/2021,"4,762.80","4,762.80","4,762.80","4,762.80",,3.02%
10/14/2021,"4,623.40","4,623.40","4,623.40","4,623.40",,2.59%
10/13/2021,"4,506.50","4,506.50","4,506.50","4,506.50",,1.53%
10/12/2021,"4,438.60","4,438.60","4,438.60","4,438.60",,-0.37%
10/11/2021,"4,455.10","4,455.10","4,455.10","4,455.10",,2.05%
10/8/2021,"4,365.60","4,365.60","4,365.60","4,365.60",,1.49%
10/7/2021,"4,301.60","4,301.60","4,301.60","4,301.60",,1.94%
10/6/2021,"4,219.90","4,219.90","4,219.90","4,219.90",,-1.00%
10/5/2021,"4,262.60","4,262.60","4,262.60","4,262.60",,-0.11%
10/4/2021,"4,267.30","4,267.30","4,267.30","4,267.30",,1.38%
10/1/2021,"4,209.20","4,209.20","4,209.20","4,209.20",,1.16%
9/30/2021,"4,161.00","4,161.00","4,161.00","4,161.00",,-2.39%
9/29/2021,"4,262.70","4,262.70","4,262.70","4,262.70",,-1.12%
9/28/2021,"4,311.20","4,311.20","4,311.20","4,311.20",,-0.03%
9/27/2021,"4,312.40","4,312.40","4,312.40","4,312.40",,-0.69%
9/24/2021,"4,342.40","4,342.40","4,342.40","4,342.40",,0.45%
9/23/2021,"4,323.10","4,323.10","4,323.10","4,323.10",,0.34%
9/22/2021,"4,308.40","4,308.40","4,308.40","4,308.40",,3.09%
9/21/2021,"4,179.20","4,179.20","4,179.20","4,179.20",,-0.72%
9/20/2021,"4,209.60","4,209.60","4,209.60","4,209.60",,-2.15%
9/17/2021,"4,301.90","4,301.90","4,301.90","4,301.90",,-0.22%
9/16/2021,"4,311.50","4,311.50","4,311.50","4,311.50",,0.02%
9/14/2021,"4,310.70","4,310.70","4,310.70","4,310.70",,-1.37%
9/13/2021,"4,370.40","4,370.40","4,370.40","4,370.40",,-1.33%
9/10/2021,"4,429.10","4,429.10","4,429.10","4,429.10",,2.69%
9/9/2021,"4,313.20","4,313.20","4,313.20","4,313.20",,1.65%
9/8/2021,"4,243.00","4,243.00","4,243.00","4,243.00",,-0.13%
9/7/2021,"4,248.60","4,248.60","4,248.60","4,248.60",,-0.85%
9/6/2021,"4,285.10","4,285.10","4,285.10","4,285.10",,0.38%
9/3/2021,"4,269.00","4,269.00","4,269.00","4,269.00",,0.63%
9/2/2021,"4,242.20","4,242.20","4,242.20","4,242.20",,0.31%
9/1/2021,"4,229.10","4,229.10","4,229.10","4,229.10",,-1.47%
8/31/2021,"4,292.40","4,292.40","4,292.40","4,292.40",,1.40%
8/27/2021,"4,233.10","4,233.10","4,233.10","4,233.10",,1.02%
8/26/2021,"4,190.20","4,190.20","4,190.20","4,190.20",,-0.48%
8/25/2021,"4,210.50","4,210.50","4,210.50","4,210.50",,0.04%
8/24/2021,"4,208.70","4,208.70","4,208.70","4,208.70",,1.07%
8/23/2021,"4,164.00","4,164.00","4,164.00","4,164.00",,2.13%
8/20/2021,"4,077.00","4,077.00","4,077.00","4,077.00",,0.64%
8/19/2021,"4,051.10","4,051.10","4,051.10","4,051.10",,-1.70%
8/18/2021,"4,121.10","4,121.10","4,121.10","4,121.10",,-1.82%
8/17/2021,"4,197.40","4,197.40","4,197.40","4,197.40",,-1.23%
8/16/2021,"4,249.80","4,249.80","4,249.80","4,249.80",,-0.73%
8/13/2021,"4,281.10","4,281.10","4,281.10","4,281.10",,0.87%
8/12/2021,"4,244.20","4,244.20","4,244.20","4,244.20",,-0.41%
8/11/2021,"4,261.50","4,261.50","4,261.50","4,261.50",,0.45%
8/10/2021,"4,242.50","4,242.50","4,242.50","4,242.50",,1.49%
8/9/2021,"4,180.30","4,180.30","4,180.30","4,180.30",,-1.18%
8/6/2021,"4,230.30","4,230.30","4,230.30","4,230.30",,-0.59%
8/5/2021,"4,255.50","4,255.50","4,255.50","4,255.50",,0.50%
8/4/2021,"4,234.40","4,234.40","4,234.40","4,234.40",,-0.66%
8/3/2021,"4,262.60","4,262.60","4,262.60","4,262.60",,-1.42%
8/2/2021,"4,323.80","4,323.80","4,323.80","4,323.80",,0.07%
7/30/2021,"4,320.60","4,320.60","4,320.60","4,320.60",,-0.63%
7/29/2021,"4,347.80","4,347.80","4,347.80","4,347.80",,1.56%
7/28/2021,"4,281.10","4,281.10","4,281.10","4,281.10",,0.05%
7/27/2021,"4,278.90","4,278.90","4,278.90","4,278.90",,-0.85%
7/26/2021,"4,315.40","4,315.40","4,315.40","4,315.40",,2.14%
7/23/2021,"4,225.10","4,225.10","4,225.10","4,225.10",,0.90%
7/22/2021,"4,187.60","4,187.60","4,187.60","4,187.60",,1.19%
7/21/2021,"4,138.20","4,138.20","4,138.20","4,138.20",,-0.12%
7/20/2021,"4,143.30","4,143.30","4,143.30","4,143.30",,1.16%
7/19/2021,"4,095.90","4,095.90","4,095.90","4,095.90",,-2.09%
7/16/2021,"4,183.50","4,183.50","4,183.50","4,183.50",,-0.28%
7/15/2021,"4,195.30","4,195.30","4,195.30","4,195.30",,1.16%
7/14/2021,"4,147.10","4,147.10","4,147.10","4,147.10",,-0.59%
7/13/2021,"4,171.80","4,171.80","4,171.80","4,171.80",,0.42%
7/12/2021,"4,154.40","4,154.40","4,154.40","4,154.40",,-0.78%
7/9/2021,"4,187.00","4,187.00","4,187.00","4,187.00",,1.98%
7/8/2021,"4,105.90","4,105.90","4,105.90","4,105.90",,-1.31%
7/7/2021,"4,160.40","4,160.40","4,160.40","4,160.40",,0.76%
7/6/2021,"4,129.10","4,129.10","4,129.10","4,129.10",,-1.56%
7/5/2021,"4,194.60","4,194.60","4,194.60","4,194.60",,0.75%
7/2/2021,"4,163.30","4,163.30","4,163.30","4,163.30",,0.94%
7/1/2021,"4,124.70","4,124.70","4,124.70","4,124.70",,-0.65%
6/30/2021,"4,151.50","4,151.50","4,151.50","4,151.50",,-0.13%
6/29/2021,"4,156.80","4,156.80","4,156.80","4,156.80",,0.56%
6/28/2021,"4,133.60","4,133.60","4,133.60","4,133.60",,-0.08%
6/25/2021,"4,137.00","4,137.00","4,137.00","4,137.00",,0.41%
6/24/2021,"4,120.10","4,120.10","4,120.10","4,120.10",,-0.03%
6/23/2021,"4,121.40","4,121.40","4,121.40","4,121.40",,1.41%
6/22/2021,"4,063.90","4,063.90","4,063.90","4,063.90",,1.20%
6/21/2021,"4,015.70","4,015.70","4,015.70","4,015.70",,0.57%
6/18/2021,"3,993.00","3,993.00","3,993.00","3,993.00",,-1.49%
6/17/2021,"4,053.40","4,053.40","4,053.40","4,053.40",,-3.30%
6/16/2021,"4,191.60","4,191.60","4,191.60","4,191.60",,0.55%
6/15/2021,"4,168.50","4,168.50","4,168.50","4,168.50",,-2.85%
6/14/2021,"4,290.60","4,290.60","4,290.60","4,290.60",,0.16%
6/11/2021,"4,283.90","4,283.90","4,283.90","4,283.90",,0.79%
6/10/2021,"4,250.30","4,250.30","4,250.30","4,250.30",,-0.48%
6/9/2021,"4,270.70","4,270.70","4,270.70","4,270.70",,0.22%
6/8/2021,"4,261.30","4,261.30","4,261.30","4,261.30",,0.89%
6/7/2021,"4,223.60","4,223.60","4,223.60","4,223.60",,-0.78%
6/4/2021,"4,256.70","4,256.70","4,256.70","4,256.70",,1.66%
6/3/2021,"4,187.10","4,187.10","4,187.10","4,187.10",,-2.99%
6/2/2021,"4,316.30","4,316.30","4,316.30","4,316.30",,-0.63%
6/1/2021,"4,343.50","4,343.50","4,343.50","4,343.50",,-0.14%
5/28/2021,"4,349.60","4,349.60","4,349.60","4,349.60",,0.49%
5/27/2021,"4,328.50","4,328.50","4,328.50","4,328.50",,2.66%
5/26/2021,"4,216.20","4,216.20","4,216.20","4,216.20",,0.60%
5/25/2021,"4,191.10","4,191.10","4,191.10","4,191.10",,-0.22%
5/24/2021,"4,200.20","4,200.20","4,200.20","4,200.20",,0.41%
5/21/2021,"4,182.90","4,182.90","4,182.90","4,182.90",,-1.36%
5/20/2021,"4,240.50","4,240.50","4,240.50","4,240.50",,0.27%
5/19/2021,"4,229.20","4,229.20","4,229.20","4,229.20",,-3.45%
5/18/2021,"4,380.40","4,380.40","4,380.40","4,380.40",,0.36%
5/17/2021,"4,364.60","4,364.60","4,364.60","4,364.60",,1.52%
5/14/2021,"4,299.40","4,299.40","4,299.40","4,299.40",,-0.30%
5/13/2021,"4,312.40","4,312.40","4,312.40","4,312.40",,-1.30%
5/12/2021,"4,369.10","4,369.10","4,369.10","4,369.10",,-0.75%
5/11/2021,"4,402.20","4,402.20","4,402.20","4,402.20",,0.55%
5/10/2021,"4,378.30","4,378.30","4,378.30","4,378.30",,-0.49%
5/7/2021,"4,399.90","4,399.90","4,399.90","4,399.90",,2.38%
5/6/2021,"4,297.60","4,297.60","4,297.60","4,297.60",,1.43%
5/5/2021,"4,237.10","4,237.10","4,237.10","4,237.10",,0.11%
5/4/2021,"4,232.50","4,232.50","4,232.50","4,232.50",,1.30%
4/30/2021,"4,178.10","4,178.10","4,178.10","4,178.10",,-0.21%
4/29/2021,"4,186.90","4,186.90","4,186.90","4,186.90",,0.10%
4/28/2021,"4,182.60","4,182.60","4,182.60","4,182.60",,0.70%
4/27/2021,"4,153.50","4,153.50","4,153.50","4,153.50",,0.71%
4/26/2021,"4,124.10","4,124.10","4,124.10","4,124.10",,1.88%
4/23/2021,"4,048.10","4,048.10","4,048.10","4,048.10",,1.15%
4/22/2021,"4,001.90","4,001.90","4,001.90","4,001.90",,-0.25%
4/21/2021,"4,012.00","4,012.00","4,012.00","4,012.00",,1.33%
4/20/2021,"3,959.50","3,959.50","3,959.50","3,959.50",,-0.65%
4/19/2021,"3,985.40","3,985.40","3,985.40","3,985.40",,1.06%
4/16/2021,"3,943.60","3,943.60","3,943.60","3,943.60",,-0.58%
4/15/2021,"3,966.50","3,966.50","3,966.50","3,966.50",,1.61%
4/14/2021,"3,903.80","3,903.80","3,903.80","3,903.80",,1.72%
4/13/2021,"3,837.90","3,837.90","3,837.90","3,837.90",,0.67%
4/12/2021,"3,812.40","3,812.40","3,812.40","3,812.40",,-0.96%
4/9/2021,"3,849.40","3,849.40","3,849.40","3,849.40",,-0.86%
4/8/2021,"3,882.90","3,882.90","3,882.90","3,882.90",,0.87%
4/7/2021,"3,849.50","3,849.50","3,849.50","3,849.50",,-0.89%
4/6/2021,"3,884.10","3,884.10","3,884.10","3,884.10",,2.62%
4/1/2021,"3,784.80","3,784.80","3,784.80","3,784.80",,-0.06%
3/31/2021,"3,787.10","3,787.10","3,787.10","3,787.10",,0.07%
3/30/2021,"3,784.30","3,784.30","3,784.30","3,784.30",,-1.13%
3/29/2021,"3,827.60","3,827.60","3,827.60","3,827.60",,-1.04%
3/26/2021,"3,867.70","3,867.70","3,867.70","3,867.70",,2.04%
3/25/2021,"3,790.50","3,790.50","3,790.50","3,790.50",,-1.42%
3/24/2021,"3,845.20","3,845.20","3,845.20","3,845.20",,0.07%
3/23/2021,"3,842.40","3,842.40","3,842.40","3,842.40",,-1.53%
3/22/2021,"3,902.20","3,902.20","3,902.20","3,902.20",,0.52%
3/19/2021,"3,882.20","3,882.20","3,882.20","3,882.20",,0.70%
3/18/2021,"3,855.10","3,855.10","3,855.10","3,855.10",,-0.18%
3/17/2021,"3,862.20","3,862.20","3,862.20","3,862.20",,1.19%
3/16/2021,"3,816.80","3,816.80","3,816.80","3,816.80",,-1.53%
3/15/2021,"3,876.20","3,876.20","3,876.20","3,876.20",,0.95%
3/12/2021,"3,839.60","3,839.60","3,839.60","3,839.60",,-0.10%
3/11/2021,"3,843.40","3,843.40","3,843.40","3,843.40",,1.63%
3/10/2021,"3,781.80","3,781.80","3,781.80","3,781.80",,0.64%
3/9/2021,"3,757.90","3,757.90","3,757.90","3,757.90",,-1.53%
3/8/2021,"3,816.10","3,816.10","3,816.10","3,816.10",,0.58%
3/5/2021,"3,794.10","3,794.10","3,794.10","3,794.10",,0.57%
3/4/2021,"3,772.60","3,772.60","3,772.60","3,772.60",,-2.43%
3/3/2021,"3,866.70","3,866.70","3,866.70","3,866.70",,-1.30%
3/2/2021,"3,917.70","3,917.70","3,917.70","3,917.70",,1.88%
3/1/2021,"3,845.50","3,845.50","3,845.50","3,845.50",,-0.81%
2/26/2021,"3,876.90","3,876.90","3,876.90","3,876.90",,-3.72%
2/25/2021,"4,026.50","4,026.50","4,026.50","4,026.50",,1.03%
2/24/2021,"3,985.50","3,985.50","3,985.50","3,985.50",,1.18%
2/23/2021,"3,939.10","3,939.10","3,939.10","3,939.10",,0.19%
2/22/2021,"3,931.80","3,931.80","3,931.80","3,931.80",,1.58%
2/19/2021,"3,870.70","3,870.70","3,870.70","3,870.70",,2.96%
2/18/2021,"3,759.40","3,759.40","3,759.40","3,759.40",,1.67%
2/17/2021,"3,697.60","3,697.60","3,697.60","3,697.60",,0.20%
2/16/2021,"3,690.30","3,690.30","3,690.30","3,690.30",,0.02%
2/15/2021,"3,689.40","3,689.40","3,689.40","3,689.40",,0.59%
2/12/2021,"3,667.70","3,667.70","3,667.70","3,667.70",,0.68%
2/11/2021,"3,643.10","3,643.10","3,643.10","3,643.10",,0.00%
2/10/2021,"3,643.00","3,643.00","3,643.00","3,643.00",,1.56%
2/9/2021,"3,587.20","3,587.20","3,587.20","3,587.20",,1.31%
2/8/2021,"3,540.90","3,540.90","3,540.90","3,540.90",,1.04%
2/5/2021,"3,504.30","3,504.30","3,504.30","3,504.30",,1.24%
2/4/2021,"3,461.40","3,461.40","3,461.40","3,461.40",,0.04%
2/3/2021,"3,459.90","3,459.90","3,459.90","3,459.90",,0.63%
2/2/2021,"3,438.20","3,438.20","3,438.20","3,438.20",,-0.22%
2/1/2021,"3,445.70","3,445.70","3,445.70","3,445.70",,-0.29%
1/29/2021,"3,455.80","3,455.80","3,455.80","3,455.80",,-0.34%
1/28/2021,"3,467.50","3,467.50","3,467.50","3,467.50",,0.27%
1/27/2021,"3,458.00","3,458.00","3,458.00","3,458.00",,-1.94%
1/26/2021,"3,526.50","3,526.50","3,526.50","3,526.50",,0.25%
1/25/2021,"3,517.70","3,517.70","3,517.70","3,517.70",,0.05%
1/22/2021,"3,516.10","3,516.10","3,516.10","3,516.10",,-0.18%
1/21/2021,"3,522.50","3,522.50","3,522.50","3,522.50",,0.11%
1/20/2021,"3,518.70","3,518.70","3,518.70","3,518.70",,1.10%
1/19/2021,"3,480.40","3,480.40","3,480.40","3,480.40",,-0.10%
1/18/2021,"3,484.00","3,484.00","3,484.00","3,484.00",,-0.05%
1/15/2021,"3,485.80","3,485.80","3,485.80","3,485.80",,-1.18%
1/14/2021,"3,527.30","3,527.30","3,527.30","3,527.30",,0.44%
1/13/2021,"3,511.80","3,511.80","3,511.80","3,511.80",,0.25%
1/12/2021,"3,502.90","3,502.90","3,502.90","3,502.90",,1.37%
1/11/2021,"3,455.60","3,455.60","3,455.60","3,455.60",,-2.51%
1/8/2021,"3,544.50","3,544.50","3,544.50","3,544.50",,-0.99%
1/7/2021,"3,580.00","3,580.00","3,580.00","3,580.00",,1.10%
1/6/2021,"3,540.90","3,540.90","3,540.90","3,540.90",,0.35%
1/5/2021,"3,528.60","3,528.60","3,528.60","3,528.60",,1.38%
1/4/2021,"3,480.50","3,480.50","3,480.50","3,480.50",,1.93%
12/31/2020,"3,414.50","3,414.50","3,414.50","3,414.50",,-0.99%
