buyer,created_at,id,material,price_per_ton,seller,signature,signed_at,status,weight_tons
Lewis Salvage,2025-09-04T01:47:44.365246,5a2ad5db-9c09-408e-b22d-1e1da4a0d2d7,Shred Steel,245.0,Winski Brothers,,,Pending,40.0
Lewis Salvage,2025-09-04T01:47:44.005181,49f1487a-f209-48a1-ad9e-081cb50b3a9c,Shred Steel,245.0,Winski Brothers,,,Pending,40.0
Lewis Salvage,2025-09-04T01:38:11.680187,fb7c0642-57e5-483a-9859-dff5baf8baf3,Shred Steel,245.0,Winski Brothers,,,Pending,40.0
Lewis Salvage,2025-09-04T01:38:11.265825,5dba1c41-e523-4b21-abf8-d94c0f1f0320,Shred Steel,245.0,Winski Brothers,,,Pending,40.0
Lewis Salvage,2025-09-04T01:37:20.180722,429bd96e-0e4a-4e35-b855-e8c8b6504600,Shred Steel,245.0,Winski Brothers,,,Pending,40.0
Lewis Salvage,2025-09-04T01:37:19.730263,2fcffabf-d7da-4f56-8dd8-82a7e60053b7,Shred Steel,245.0,Winski Brothers,,,Pending,40.0
Lewis Salvage,2025-09-04T01:34:45.250925,2055c8a2-40c8-4050-834b-42c0b7b42fa2,Shred Steel,245.0,Winski Brothers,,,Pending,40.0
Lewis Salvage,2025-09-04T01:34:44.811030,3ccaac60-f10a-4e59-b0e7-d2587e451ffe,Shred Steel,245.0,Winski Brothers,,,Pending,40.0
Lewis Salvage,2025-09-04T01:34:21.770478,7d2ef645-8e7f-413c-9a3a-fda397aa1f5d,Shred Steel,245.0,Winski Brothers,,,Pending,40.0
Lewis Salvage,2025-09-04T01:34:21.345679,8fd450bc-f26c-442d-b048-f429c4ee3631,Shred Steel,245.0,Winski Brothers,,,Pending,40.0
Lewis Salvage,2025-09-04T01:30:10.210782,afa05b2e-0d24-4b23-b37b-5d343db342fb,Shred Steel,245.0,Winski Brothers,,,Pending,40.0
Lewis Salvage,2025-09-04T01:30:09.765781,9e2e98c8-4e68-47d0-936f-5387a2fc3ec2,Shred Steel,245.0,Winski Brothers,,,Pending,40.0
Lewis Salvage,2025-09-04T01:29:48.150918,bcaa04f7-fda4-4716-8e60-59b85e9aa412,Shred Steel,245.0,Winski Brothers,,,Pending,40.0
Lewis Salvage,2025-09-04T01:29:47.731190,672de4a0-613f-4783-b5f6-c126a00c7a7a,Shred Steel,245.0,Winski Brothers,,,Pending,40.0
Lewis Salvage,2025-09-04T01:25:53.286047,45eacd2c-af23-4506-ae7a-802c13b740be,Shred Steel,245.0,Winski Brothers,,,Pending,40.0
Lewis Salvage,2025-09-04T01:25:52.866128,b12ead00-7898-4b5c-91c7-eaf70065f3aa,Shred Steel,245.0,Winski Brothers,,,Pending,40.0
Lewis Salvage,2025-09-04T01:09:35.967700,732338ad-9e59-4b76-8588-80ac0f1988e7,Shred Steel,245.0,Winski Brothers,,,Pending,40.0
Lewis Salvage,2025-09-04T01:09:35.502607,ab0837d3-b405-4eec-89cd-c3f2fc822028,Shred Steel,245.0,Winski Brothers,,,Pending,40.0
string,2025-09-03T00:05:38.724035,a841ce8a-592b-4a70-835c-19ee8b7c6842,string,0.0,string,,,Pending,0.0
